sample_ID	pignum	Gender	weight_9_12	weight_10_9	weight	AULC	experiment	day	tissue	num_seqs	treatment	set	log_sal	nurse_gain	pen	pig_day_tissue	acetate	propionate	isobutyrate	butyrate	isovalerate	valerate	caproate	oxalate	phenylacetate	succinate	lactate	SampleName	Run
X12bP119D0F	119	M	7.15	15.6	NA	33.9794000867204	X12b	D0	F	28301	RCS	X12b_D0_F_RCS	0	8.45	24	119_D0_F	52.84725	18.35142	2.7879899999999997	12.264690000000002	3.5187	3.9702900000000003	1.4398900000000001	0	0.97611	0.44139000000000006	0.70773	X12bP119D0F	SRR11969753
X12bP119D14F	119	M	7.15	15.6	NA	33.9794000867204	X12b	D14	F	20183	RCS	X12b_D14_F_RCS	1.69897000433602	8.45	24	119_D14_F	104.34951000000001	36.99522	4.1148299999999995	22.583009999999998	6.033810000000001	6.63855	2.22775	0	1.6281599999999998	1.60812	1.59507	X12bP119D14F	SRR11969351
X12bP119D21C	119	M	7.15	15.6	NA	33.9794000867204	X12b	D21	C	28966	RCS	X12b_D21_C_RCS	2.25527250510331	8.45	24	119_D21_C	88.49748	35.78328	0.70119	13.9092	0.56184	3.5133900000000002	1.6031399999999998	0.42152999999999996	0.16877999999999999	0.44754000000000005	1.7759399999999999	X12bP119D21C	SRR11969819
X12bP119D21F	119	M	7.15	15.6	NA	33.9794000867204	X12b	D21	F	31066	RCS	X12b_D21_F_RCS	1.69897000433602	8.45	24	119_D21_F	85.34718	34.17465	3.76344	15.969269999999998	5.03433	4.577310000000001	1.6068699999999998	0	1.35669	1.13181	9.350249999999999	X12bP119D21F	SRR11969696
X12bP119D2F	119	M	7.15	15.6	NA	33.9794000867204	X12b	D2	F	22096	RCS	X12b_D2_F_RCS	1.69897000433602	8.45	24	119_D2_F	71.03415000000001	30.786990000000003	3.1540800000000004	18.19272	4.5883199999999995	9.020430000000001	3.72598	0.27632999999999996	1.43229	0.98898	1.89522	X12bP119D2F	SRR11969286
X12bP119D7F	119	M	7.15	15.6	NA	33.9794000867204	X12b	D7	F	19227	RCS	X12b_D7_F_RCS	1.69897000433602	8.45	24	119_D7_F	88.43937000000001	29.055570000000003	4.76046	17.86803	7.228829999999999	6.9232499999999995	2.47837	0	1.8328200000000001	1.72614	6.9396	X12bP119D7F	SRR11969571
X12bP122D0F	122	M	7.3	17.3	NA	59.04973393943041	X12b	D0	F	15387	Control	X12b_D0_F_Control	0	10	25	122_D0_F	64.0605	28.593239999999998	4.84779	26.70801	7.105409999999999	10.74273	1.43647	0	1.73835	1.5168599999999999	0.6114299999999999	X12bP122D0F	SRR11969764
X12bP122D14F	122	M	7.3	17.3	NA	59.04973393943041	X12b	D14	F	37571	Control	X12b_D14_F_Control	3.02118929906994	10	25	122_D14_F	93.91749000000002	53.26022999999999	4.95798	36.096360000000004	6.828570000000001	10.91775	1.47322	0	1.78746	1.67316	1.26183	X12bP122D14F	SRR11969367
X12bP122D21C	122	M	7.3	17.3	NA	59.04973393943041	X12b	D21	C	25243	Control	X12b_D21_C_Control	3.38021124171161	10	25	122_D21_C	67.23129	39.60642	0.63699	13.17492	0.74049	2.65854	0.41490000000000005	0.2352	0.19542	0.32214	1.62498	X12bP122D21C	SRR11969830
X12bP122D21F	122	M	7.3	17.3	NA	59.04973393943041	X12b	D21	F	24059	Control	X12b_D21_F_Control	2.17609125905568	10	25	122_D21_F	99.4119	43.02435	4.84464	31.94394	6.16395	8.39034	1.46542	0	1.66524	1.0584	12.94299	X12bP122D21F	SRR11969200
X12bP122D21X	122	M	7.3	17.3	NA	59.04973393943041	X12b	D21	X	19340	Control	X12b_D21_X_Control	1.90308998699194	10	25	122_D21_X	67.23129	39.60642	0.63699	13.17492	0.74049	2.65854	0.41490000000000005	0.2352	0.19542	0.32214	1.62498	X12bP122D21X	SRR11969972
X12bP122D2F	122	M	7.3	17.3	NA	59.04973393943041	X12b	D2	F	24789	Control	X12b_D2_F_Control	5.74036268949424	10	25	122_D2_F	64.32504000000002	30.72297	3.47004	14.08707	4.0044	6.53484	0.07602999999999999	0	1.35507	1.01232	0.6693	X12bP122D2F	SRR11969297
X12bP122D7F	122	M	7.3	17.3	NA	59.04973393943041	X12b	D7	F	27772	Control	X12b_D7_F_Control	1.69897000433602	10	25	122_D7_F	84.14487000000001	40.57764	3.0948900000000004	13.45842	2.82414	6.653040000000001	0.30951999999999996	0	0.8266800000000001	2.58984	15.281310000000001	X12bP122D7F	SRR11969614
X12bP1261D2F	126	NA	5.25	12.05	NA	48.356596169294846	X12b	D2	F	24377	Acid	X12b_D2_F_Acid	1.69897000433602	6.800000000000001	26	126_D2_F	NA	NA	NA	NA	NA	NA	NA	NA	NA	NA	NA	X12bP1261D2F	SRR11969319
X12bP126D0F	126	NA	5.25	12.05	NA	48.356596169294846	X12b	D0	F	15964	Acid	X12b_D0_F_Acid	0	6.800000000000001	26	126_D0_F	65.14107	25.72824	2.53983	13.954920000000001	2.7432299999999996	3.96978	1.4599600000000001	0	0.73095	0.61431	1.84368	X12bP126D0F	SRR11969786
X12bP126D14F	126	NA	5.25	12.05	NA	48.356596169294846	X12b	D14	F	20229	Acid	X12b_D14_F_Acid	1.69897000433602	6.800000000000001	26	126_D14_F	90.11211000000002	46.08264	4.4778	32.166869999999996	6.1477200000000005	7.7322	2.77393	0	1.58541	1.21311	0	X12bP126D14F	SRR11969387
X12bP126D21C	126	NA	5.25	12.05	NA	48.356596169294846	X12b	D21	C	32143	Acid	X12b_D21_C_Acid	0	6.800000000000001	26	126_D21_C	74.09421	47.69337	0.37248000000000003	16.17996	0.48785999999999996	3.3088500000000005	0.45942	0.63531	0.15239999999999998	0.65052	1.5440999999999998	X12bP126D21C	SRR11969852
X12bP126D21F	126	NA	5.25	12.05	NA	48.356596169294846	X12b	D21	F	17642	Acid	X12b_D21_F_Acid	1.69897000433602	6.800000000000001	26	126_D21_F	87.58209000000001	22.09008	3.8931000000000004	16.29576	5.501580000000001	3.8361	1.40638	0	1.5261900000000002	0.59895	4.9626600000000005	X12bP126D21F	SRR11969223
X12bP126D7F	126	NA	5.25	12.05	NA	48.356596169294846	X12b	D7	F	36162	Acid	X12b_D7_F_Acid	4.09516935143176	6.800000000000001	26	126_D7_F	76.37223	36.278639999999996	4.6692599999999995	17.41791	6.92574	7.81386	2.9129500000000004	0	1.7085299999999999	0.62229	0.81375	X12bP126D7F	SRR11969633
X12bP138D0F	138	M	6.75	12.2	NA	33.9794000867204	X12b	D0	F	22074	RCS	X12b_D0_F_RCS	0	5.449999999999999	28	138_D0_F	74.37918	30.10884	3.76335	17.24904	4.0331399999999995	5.202450000000001	0.8766699999999998	0	1.14486	0.7051799999999999	0.6488700000000001	X12bP138D0F	SRR11969752
X12bP138D14F	138	M	6.75	12.2	NA	33.9794000867204	X12b	D14	F	24810	RCS	X12b_D14_F_RCS	1.69897000433602	5.449999999999999	28	138_D14_F	90.49332000000001	38.437470000000005	3.9703800000000005	21.56079	5.59884	7.35282	2.33827	0	1.5001200000000001	1.38084	1.68108	X12bP138D14F	SRR11969350
X12bP138D21C	138	M	6.75	12.2	NA	33.9794000867204	X12b	D21	C	24096	RCS	X12b_D21_C_RCS	2.79239168949825	5.449999999999999	28	138_D21_C	102.29226	50.92503000000001	0.44516999999999995	21.008850000000002	0.39885000000000004	3.48627	0.49614	0.33564	0	0.60999	1.05516	X12bP138D21C	SRR11969818
X12bP138D21F	138	M	6.75	12.2	NA	33.9794000867204	X12b	D21	F	24966	RCS	X12b_D21_F_RCS	1.69897000433602	5.449999999999999	28	138_D21_F	63.86603999999999	23.11296	2.89767	11.109960000000001	3.65412	3.37275	0.5522499999999999	0	1.1232	0.69573	6.56481	X12bP138D21F	SRR11969695
X12bP138D2F	138	M	6.75	12.2	NA	33.9794000867204	X12b	D2	F	24258	RCS	X12b_D2_F_RCS	1.69897000433602	5.449999999999999	28	138_D2_F	87.20004000000002	38.73399	4.94568	28.215719999999997	6.25953	7.95528	2.40823	0	1.65999	1.2928199999999999	2.2146	X12bP138D2F	SRR11969285
X12bP138D7F	138	M	6.75	12.2	NA	33.9794000867204	X12b	D7	F	23290	RCS	X12b_D7_F_RCS	1.69897000433602	5.449999999999999	28	138_D7_F	70.00467	27.28161	2.87025	13.74081	2.81616	7.0759799999999995	2.84314	0.38805	0.8903099999999999	2.3780400000000004	13.32678	X12bP138D7F	SRR11969569
X12bP152D0F	152	F	6.35	14.8	NA	48.55017845530783	X12b	D0	F	37793	Acid	X12b_D0_F_Acid	0	8.450000000000001	31	152_D0_F	71.83494	29.862120000000004	3.0429600000000003	11.00934	2.69358	2.20002	0.0023800000000000487	0	0.73995	0.82164	1.53147	X12bP152D0F	SRR11969785
X12bP152D14F	152	F	6.35	14.8	NA	48.55017845530783	X12b	D14	F	29439	Acid	X12b_D14_F_Acid	2.81291335664286	8.450000000000001	31	152_D14_F	82.17093	33.4743	2.88789	17.94162	3.2586000000000004	3.0971400000000004	1.000000000000445e-4	0	0.9741299999999999	0.57324	4.05516	X12bP152D14F	SRR11969386
X12bP152D21C	152	F	6.35	14.8	NA	48.55017845530783	X12b	D21	C	24931	Acid	X12b_D21_C_Acid	0	8.450000000000001	31	152_D21_C	77.26665	46.28772	0.64485	15.63084	0.85293	2.2397099999999996	0.40296	0	0.2718	0.32177999999999995	0.64983	X12bP152D21C	SRR11969851
X12bP152D21F	152	F	6.35	14.8	NA	48.55017845530783	X12b	D21	F	26711	Acid	X12b_D21_F_Acid	1.69897000433602	8.450000000000001	31	152_D21_F	90.13341000000001	35.461619999999996	3.0347399999999998	22.82169	3.4075800000000003	3.9333600000000004	0.09580000000000005	0	0.9847199999999999	2.59419	26.278859999999998	X12bP152D21F	SRR11969222
X12bP152D2F	152	F	6.35	14.8	NA	48.55017845530783	X12b	D2	F	33192	Acid	X12b_D2_F_Acid	2.60205999132796	8.450000000000001	31	152_D2_F	58.16931	22.10796	2.28132	12.186119999999999	2.90943	2.6745900000000002	0.0011200000000000654	0.68943	0.9354	0.76695	0	X12bP152D2F	SRR11969318
X12bP152D7F	152	F	6.35	14.8	NA	48.55017845530783	X12b	D7	F	28801	Acid	X12b_D7_F_Acid	2.30102999566398	8.450000000000001	31	152_D7_F	73.48986000000001	32.2455	4.32828	14.25159	6.2091	7.55349	1.0525900000000001	0	1.6488899999999997	0.7956	2.5911299999999997	X12bP152D7F	SRR11969632
X12bP160D0F	160	F	5.15	13.85	NA	44.969631425385394	X12b	D0	F	28879	Control	X12b_D0_F_Control	0	8.7	32	160_D0_F	37.47024	16.75104	2.68188	5.92302	3.19953	1.8971400000000003	0.4622199999999999	0	0.87564	0.9036299999999999	0.54354	X12bP160D0F	SRR11969763
X12bP160D14F	160	F	5.15	13.85	NA	44.969631425385394	X12b	D14	F	22061	Control	X12b_D14_F_Control	1.69897000433602	8.7	32	160_D14_F	70.77279	24.62334	3.23532	12.35679	5.2635	3.5780700000000003	0.6880299999999999	0	1.4283299999999999	1.0941299999999998	0	X12bP160D14F	SRR11969366
X12bP160D21C	160	F	5.15	13.85	NA	44.969631425385394	X12b	D21	C	30184	Control	X12b_D21_C_Control	2.41497334797082	8.7	32	160_D21_C	86.81627999999999	41.13531	0.55281	23.28138	0.55545	3.0015	1.2659699999999998	0.25751999999999997	0.17292	1.12953	0.29871000000000003	X12bP160D21C	SRR11969829
X12bP160D21F	160	F	5.15	13.85	NA	44.969631425385394	X12b	D21	F	17226	Control	X12b_D21_F_Control	1.69897000433602	8.7	32	160_D21_F	71.93106	21.526290000000003	2.6499300000000003	11.42862	4.25865	3.3390899999999997	0.68458	0	1.4031600000000002	3.12201	0.49451999999999996	X12bP160D21F	SRR11969199
X12bP160D21X	160	F	5.15	13.85	NA	44.969631425385394	X12b	D21	X	24976	Control	X12b_D21_X_Control	0	8.7	32	160_D21_X	86.81627999999999	41.13531	0.55281	23.28138	0.55545	3.0015	1.2659699999999998	0.25751999999999997	0.17292	1.12953	0.29871000000000003	X12bP160D21X	SRR11969971
X12bP160D2F	160	F	5.15	13.85	NA	44.969631425385394	X12b	D2	F	30740	Control	X12b_D2_F_Control	2.92941892571429	8.7	32	160_D2_F	47.25894	23.30637	3.4673999999999996	10.64019	4.49781	4.18905	0.9520900000000001	0	1.13226	0.31578	1.2862500000000001	X12bP160D2F	SRR11969296
X12bP160D7F	160	F	5.15	13.85	NA	44.969631425385394	X12b	D7	F	23799	Control	X12b_D7_F_Control	2.81291335664286	8.7	32	160_D7_F	66.15435000000001	32.319599999999994	5.3566199999999995	20.46276	7.63746	8.82	2.4345999999999997	0	2.0630100000000002	1.5026100000000002	5.728949999999999	X12bP160D7F	SRR11969612
X12bP175D0F	175	F	7.45	15.05	NA	39.58661005636826	X12b	D0	F	29325	RCS	X12b_D0_F_RCS	0	7.6000000000000005	35	175_D0_F	71.38296000000001	28.68297	3.9050399999999996	15.628440000000001	4.7118	5.051069999999999	1.65952	0	1.24566	1.21314	0.5382	X12bP175D0F	SRR11969751
X12bP175D14F	175	F	7.45	15.05	NA	39.58661005636826	X12b	D14	F	24094	RCS	X12b_D14_F_RCS	1.69897000433602	7.6000000000000005	35	175_D14_F	83.35344	33.632130000000004	4.30353	24.60906	6.90756	8.915040000000001	1.49731	0	1.8062999999999998	1.4729999999999999	0	X12bP175D14F	SRR11969349
X12bP175D21C	175	F	7.45	15.05	NA	39.58661005636826	X12b	D21	C	31333	RCS	X12b_D21_C_RCS	0	7.6000000000000005	35	175_D21_C	69.66522	39.290760000000006	0.54084	18.029400000000003	0.8203799999999999	4.3110599999999994	0.59463	0.26826	0.26549999999999996	1.1034899999999999	1.00935	X12bP175D21C	SRR11969817
X12bP175D21F	175	F	7.45	15.05	NA	39.58661005636826	X12b	D21	F	39264	RCS	X12b_D21_F_RCS	1.69897000433602	7.6000000000000005	35	175_D21_F	98.80928999999999	41.28504	4.74732	34.06158	7.591889999999999	9.81897	3.00619	0	2.05437	1.62699	2.2195799999999997	X12bP175D21F	SRR11969694
X12bP175D2F	175	F	7.45	15.05	NA	39.58661005636826	X12b	D2	F	19880	RCS	X12b_D2_F_RCS	3.30102999566398	7.6000000000000005	35	175_D2_F	65.75535	26.07576	2.33607	10.80249	2.27532	3.9580800000000003	1.30972	0	0.7296	1.5828900000000001	1.7216399999999998	X12bP175D2F	SRR11969284
X12bP175D7F	175	F	7.45	15.05	NA	39.58661005636826	X12b	D7	F	21432	RCS	X12b_D7_F_RCS	1.69897000433602	7.6000000000000005	35	175_D7_F	76.38126000000001	29.31465	3.91275	14.94723	5.5359	5.693160000000001	1.9874800000000001	0	1.46853	1.9986000000000002	6.11193	X12bP175D7F	SRR11969568
X12bP178D0F	178	F	7.15	17	NA	35.785580060704284	X12b	D0	F	6718	Acid	X12b_D0_F_Acid	0	9.85	36	178_D0_F	46.03404	17.20512	2.97936	7.8073500000000005	3.2469900000000003	2.7879899999999997	0.43633000000000005	0	0.89124	0.48978	0.61497	X12bP178D0F	SRR11969784
X12bP178D14F	178	F	7.15	17	NA	35.785580060704284	X12b	D14	F	33041	Acid	X12b_D14_F_Acid	1.69897000433602	9.85	36	178_D14_F	76.03008000000001	26.61315	3.17589	19.64574	5.10858	6.2199599999999995	2.50645	0	1.4277600000000001	1.70241	0.30366000000000004	X12bP178D14F	SRR11969384
X12bP178D21C	178	F	7.15	17	NA	35.785580060704284	X12b	D21	C	26204	Acid	X12b_D21_C_Acid	1.30102999566398	9.85	36	178_D21_C	74.52941999999999	41.17326	0.7637100000000001	20.63277	0.7283999999999999	4.74123	0.7584000000000001	0.30639	0.18858	0.8269500000000001	1.2937500000000002	X12bP178D21C	SRR11969850
X12bP178D21F	178	F	7.15	17	NA	35.785580060704284	X12b	D21	F	23147	Acid	X12b_D21_F_Acid	1.69897000433602	9.85	36	178_D21_F	81.42129000000001	34.50195	4.01823	22.74186	5.45688	5.35461	1.9510300000000003	0	1.3927800000000001	2.94819	18.15993	X12bP178D21F	SRR11969221
X12bP178D2F	178	F	7.15	17	NA	35.785580060704284	X12b	D2	F	27792	Acid	X12b_D2_F_Acid	1.69897000433602	9.85	36	178_D2_F	70.97016	31.32606	4.46838	16.96248	5.92062	6.383430000000001	1.9713700000000003	0	1.51209	0.63906	0.85596	X12bP178D2F	SRR11969317
X12bP178D7F	178	F	7.15	17	NA	35.785580060704284	X12b	D7	F	24121	Acid	X12b_D7_F_Acid	2	9.85	36	178_D7_F	105.25368	48.736650000000004	4.82829	23.02512	7.774230000000001	11.771939999999999	3.7438900000000004	0	1.98717	1.41645	3.49695	X12bP178D7F	SRR11969631
X12bP181D0F	181	M	7.2	17.5	NA	23.785580060704284	X12b	D0	F	23925	RPS	X12b_D0_F_RPS	0	10.3	37	181_D0_F	68.63931000000001	30.250950000000003	3.05973	14.2548	3.46617	5.4558	1.42057	0	0.8936999999999999	0.534	1.63167	X12bP181D0F	SRR11969742
X12bP181D14F	181	M	7.2	17.5	NA	23.785580060704284	X12b	D14	F	26980	RPS	X12b_D14_F_RPS	1.69897000433602	10.3	37	181_D14_F	108.28884000000001	61.66062000000001	5.51637	33.02619	9.27171	15.41553	4.43074	0	2.26842	2.09073	0	X12bP181D14F	SRR11969340
X12bP181D21C	181	M	7.2	17.5	NA	23.785580060704284	X12b	D21	C	28838	RPS	X12b_D21_C_RPS	2.07918124604762	10.3	37	181_D21_C	74.67276000000001	27.43173	0.55941	26.147640000000003	0.47106	5.154	0.8010300000000001	0.41424000000000005	0.15684	0.6237900000000001	1.17027	X12bP181D21C	SRR11969807
X12bP181D21F	181	M	7.2	17.5	NA	23.785580060704284	X12b	D21	F	25777	RPS	X12b_D21_F_RPS	1.69897000433602	10.3	37	181_D21_F	75.35091000000001	27.813450000000003	2.48028	20.07003	3.51201	6.512970000000001	4.0901499999999995	0	0.97614	1.74762	22.68432	X12bP181D21F	SRR11969686
X12bP181D21X	181	M	7.2	17.5	NA	23.785580060704284	X12b	D21	X	35895	RPS	X12b_D21_X_RPS	0	10.3	37	181_D21_X	74.67276000000001	27.43173	0.55941	26.147640000000003	0.47106	5.154	0.8010300000000001	0.41424000000000005	0.15684	0.6237900000000001	1.17027	X12bP181D21X	SRR11969950
X12bP181D7F	181	M	7.2	17.5	NA	23.785580060704284	X12b	D7	F	21830	RPS	X12b_D7_F_RPS	0	10.3	37	181_D7_F	89.00298000000001	49.15241999999999	2.7086699999999997	14.49522	2.9124299999999996	12.383339999999999	2.1954700000000003	0	0.753	3.03438	6.79041	X12bP181D7F	SRR11969560
X12bP191D0F	191	M	8.6	14.75	NA	38.743423200754194	X12b	D0	F	22761	Control	X12b_D0_F_Control	0	6.15	39	191_D0_F	48.32964	19.58148	2.90241	10.50876	3.80511	3.6742800000000004	0.94567	0	1.1219100000000002	0.9856800000000001	0.30413999999999997	X12bP191D0F	SRR11969762
X12bP191D14F	191	M	8.6	14.75	NA	38.743423200754194	X12b	D14	F	26476	Control	X12b_D14_F_Control	1.69897000433602	6.15	39	191_D14_F	67.04298000000001	29.813280000000002	3.50835	14.08269	4.22874	4.84323	0.80446	0	1.16628	1.2219	0	X12bP191D14F	SRR11969365
X12bP191D21C	191	M	8.6	14.75	NA	38.743423200754194	X12b	D21	C	26911	Control	X12b_D21_C_Control	1.30102999566398	6.15	39	191_D21_C	75.39519	54.43812	0.5015999999999999	13.30953	0.50778	3.7089600000000003	0.50676	0.29286	0.11397000000000002	0.30039	0.66726	X12bP191D21C	SRR11969828
X12bP191D21F	191	M	8.6	14.75	NA	38.743423200754194	X12b	D21	F	22368	Control	X12b_D21_F_Control	1.69897000433602	6.15	39	191_D21_F	92.712	41.37402	4.92744	22.0809	7.714440000000001	8.02035	2.16571	0	1.85598	1.27212	5.58207	X12bP191D21F	SRR11969198
X12bP191D21X	191	M	8.6	14.75	NA	38.743423200754194	X12b	D21	X	31151	Control	X12b_D21_X_Control	0	6.15	39	191_D21_X	75.39519	54.43812	0.5015999999999999	13.30953	0.50778	3.7089600000000003	0.50676	0.29286	0.11397000000000002	0.30039	0.66726	X12bP191D21X	SRR11969970
X12bP191D2F	191	M	8.6	14.75	NA	38.743423200754194	X12b	D2	F	24596	Control	X12b_D2_F_Control	2.54406804435028	6.15	39	191_D2_F	73.38774000000001	31.8189	3.4268099999999997	15.22035	3.8377499999999998	6.12279	1.0543299999999998	0	1.05813	0.44904	0.45099	X12bP191D2F	SRR11969295
X12bP191D7F	191	M	8.6	14.75	NA	38.743423200754194	X12b	D7	F	37783	Control	X12b_D7_F_Control	2	6.15	39	191_D7_F	90.91371000000001	43.57431	5.4153	26.28744	8.56983	11.97621	3.5619700000000005	0	2.06394	2.06601	3.1055699999999997	X12bP191D7F	SRR11969611
X12bP198D0F	198	M	6.5	12.15	NA	53.76049390661423	X12b	D0	F	29296	RCS	X12b_D0_F_RCS	0	5.65	40	198_D0_F	68.01228	20.40081	2.1667199999999998	12.899550000000001	1.9745700000000002	2.0418	0.35701	0	0.60573	0.9721500000000001	0.49859999999999993	X12bP198D0F	SRR11969750
X12bP198D14F	198	M	6.5	12.15	NA	53.76049390661423	X12b	D14	F	48129	RCS	X12b_D14_F_RCS	1.69897000433602	5.65	40	198_D14_F	74.29377000000001	25.64334	2.52006	12.568439999999999	2.7425699999999997	3.6370199999999997	0.07495000000000002	0	0.87378	2.4089400000000003	3.13506	X12bP198D14F	SRR11969348
X12bP198D21C	198	M	6.5	12.15	NA	53.76049390661423	X12b	D21	C	22648	RCS	X12b_D21_C_RCS	1.60205999132796	5.65	40	198_D21_C	72.11988	36.81267	0.6715800000000001	14.459220000000002	0.8115299999999999	2.87376	0.45003000000000004	0.2784	0.15645	0.7902899999999999	1.16934	X12bP198D21C	SRR11969816
X12bP198D21F	198	M	6.5	12.15	NA	53.76049390661423	X12b	D21	F	29755	RCS	X12b_D21_F_RCS	1.69897000433602	5.65	40	198_D21_F	88.97526	37.49025	3.05478	22.35342	3.66819	5.84007	1.05829	0	0.9460799999999999	2.6271	14.528220000000001	X12bP198D21F	SRR11969693
X12bP198D2F	198	M	6.5	12.15	NA	53.76049390661423	X12b	D2	F	33555	RCS	X12b_D2_F_RCS	4.95424250943933	5.65	40	198_D2_F	62.55407999999999	41.22369	2.02164	10.23453	1.87452	7.70754	0.08770000000000006	0	0.66864	0.47742	0	X12bP198D2F	SRR11969283
X12bP198D7F	198	M	6.5	12.15	NA	53.76049390661423	X12b	D7	F	21601	RCS	X12b_D7_F_RCS	3.09691001300806	5.65	40	198_D7_F	83.23158000000001	38.53056	1.7212800000000001	10.26651	1.83528	5.34753	0.12457000000000001	0	0.58653	2.8113	11.775660000000002	X12bP198D7F	SRR11969567
X12bP211D0F	211	M	6.15	13.9	NA	30.892790030352142	X12b	D0	F	24698	Acid	X12b_D0_F_Acid	0	7.75	43	211_D0_F	71.00067000000001	34.5759	4.0545	16.113329999999998	5.39589	7.448040000000001	1.41187	0	1.25922	0.8869500000000001	0.5151600000000001	X12bP211D0F	SRR11969783
X12bP211D21C	211	M	6.15	13.9	NA	30.892790030352142	X12b	D21	C	28546	Acid	X12b_D21_C_Acid	0	7.75	43	211_D21_C	79.73277	44.80386	0.49881	19.855620000000002	0.53034	2.47827	0.46095	0.29367	0	0.72738	0.35126999999999997	X12bP211D21C	SRR11969849
X12bP211D21F	211	M	6.15	13.9	NA	30.892790030352142	X12b	D21	F	23656	Acid	X12b_D21_F_Acid	0	7.75	43	211_D21_F	76.72032	33.98568	3.8105400000000005	20.231939999999998	5.7222	5.18139	1.4740599999999997	0	1.5520800000000001	1.51536	6.45243	X12bP211D21F	SRR11969220
X12bP211D2F	211	M	6.15	13.9	NA	30.892790030352142	X12b	D2	F	23364	Acid	X12b_D2_F_Acid	2	7.75	43	211_D2_F	68.92725	30.624000000000002	4.31109	16.895880000000002	4.91637	5.68698	1.1394700000000002	0	1.28292	0.67266	0.84294	X12bP211D2F	SRR11969316
X12bP224D0F	224	F	4.9	12	NA	56.12655793074365	X12b	D0	F	30395	Control	X12b_D0_F_Control	0	7.1	45	224_D0_F	50.42892	17.32578	3.3599099999999997	9.79686	4.4559299999999995	2.56527	0.07831000000000005	0	1.18875	0.87807	0.7644299999999999	X12bP224D0F	SRR11969761
X12bP224D14F	224	F	4.9	12	NA	56.12655793074365	X12b	D14	F	29375	Control	X12b_D14_F_Control	1.69897000433602	7.1	45	224_D14_F	107.60466000000001	39.20028	5.62791	26.74563	7.04574	6.5928	1.10773	0	1.93431	1.67142	0.49014	X12bP224D14F	SRR11969364
X12bP224D21C	224	F	4.9	12	NA	56.12655793074365	X12b	D21	C	24495	Control	X12b_D21_C_Control	2.41497334797082	7.1	45	224_D21_C	87.36972	43.18929	0.69525	16.131300000000003	0.71085	1.82016	0.68118	0.46176	0.20616	0.8474999999999999	1.2915	X12bP224D21C	SRR11969827
X12bP224D21F	224	F	4.9	12	NA	56.12655793074365	X12b	D21	F	22901	Control	X12b_D21_F_Control	1.69897000433602	7.1	45	224_D21_F	94.60961999999999	37.91952	4.71345	26.429249999999996	6.526019999999999	5.58168	1.5099099999999999	0	1.82268	1.73457	11.76387	X12bP224D21F	SRR11969197
X12bP224D21X	224	F	4.9	12	NA	56.12655793074365	X12b	D21	X	24439	Control	X12b_D21_X_Control	1.30102999566398	7.1	45	224_D21_X	87.36972	43.18929	0.69525	16.131300000000003	0.71085	1.82016	0.68118	0.46176	0.20616	0.8474999999999999	1.2915	X12bP224D21X	SRR11969969
X12bP224D2F	224	F	4.9	12	NA	56.12655793074365	X12b	D2	F	21203	Control	X12b_D2_F_Control	2.81291335664286	7.1	45	224_D2_F	61.15245	24.97413	3.0767100000000003	12.52842	4.5516000000000005	3.3623400000000006	0.28750000000000014	0	1.14012	0.42264	1.16109	X12bP224D2F	SRR11969294
X12bP224D7F	224	F	4.9	12	NA	56.12655793074365	X12b	D7	F	26452	Control	X12b_D7_F_Control	4.74036268949424	7.1	45	224_D7_F	71.59449000000001	19.98513	3.94146	8.31261	5.06103	4.46619	0.80332	0	1.48122	2.02167	11.996760000000002	X12bP224D7F	SRR11969610
X12bP22D0F	22	M	6.45	12.3	NA	43.086610056368265	X12b	D0	F	30723	RCS	X12b_D0_F_RCS	0	5.8500000000000005	5	22_D0_F	61.366620000000005	21.99378	2.09748	13.131810000000002	2.1930300000000003	4.75599	1.99003	0	0.53616	1.4158499999999998	5.3562	X12bP22D0F	SRR11969749
X12bP22D14F	22	M	6.45	12.3	NA	43.086610056368265	X12b	D14	F	23706	RCS	X12b_D14_F_RCS	1.69897000433602	5.8500000000000005	5	22_D14_F	97.63698000000001	37.286609999999996	2.59896	21.348660000000002	3.10635	10.21287	3.16507	0	0.7996800000000001	1.9224299999999999	2.0754	X12bP22D14F	SRR11969346
X12bP22D21C	22	M	6.45	12.3	NA	43.086610056368265	X12b	D21	C	27092	RCS	X12b_D21_C_RCS	1.60205999132796	5.8500000000000005	5	22_D21_C	76.26456	35.884769999999996	0.24042000000000002	31.682850000000002	0	9.448139999999999	0.76296	0.23922000000000002	0.25524	0.90819	12.164670000000001	X12bP22D21C	SRR11969815
X12bP22D21F	22	M	6.45	12.3	NA	43.086610056368265	X12b	D21	F	32254	RCS	X12b_D21_F_RCS	2	5.8500000000000005	5	22_D21_F	88.50231000000001	31.713449999999998	3.49398	21.03087	5.0415600000000005	8.87034	2.47351	0.34683	1.33986	2.8479900000000002	21.70776	X12bP22D21F	SRR11969692
X12bP22D2F	22	M	6.45	12.3	NA	43.086610056368265	X12b	D2	F	36071	RCS	X12b_D2_F_RCS	4	5.8500000000000005	5	22_D2_F	92.93484000000001	37.43313	3.3854100000000003	19.315920000000002	4.1931899999999995	8.700569999999999	2.58136	0	1.1154899999999999	1.77534	2.09394	X12bP22D2F	SRR11969282
X12bP22D7F	22	M	6.45	12.3	NA	43.086610056368265	X12b	D7	F	27755	RCS	X12b_D7_F_RCS	1.69897000433602	5.8500000000000005	5	22_D7_F	NA	NA	NA	NA	NA	NA	NA	NA	NA	NA	NA	X12bP22D7F	SRR11969566
X12bP244D0F	244	F	6.75	15.9	NA	49.521825181113606	X12b	D0	F	41396	RPS	X12b_D0_F_RPS	0	9.15	49	244_D0_F	66.01962	26.06247	3.3994500000000003	8.638169999999999	3.9457199999999997	4.46286	0.8831799999999999	0.31389	1.02864	1.9846499999999998	0.6433800000000001	X12bP244D0F	SRR11969741
X12bP244D14F	244	F	6.75	15.9	NA	49.521825181113606	X12b	D14	F	31571	RPS	X12b_D14_F_RPS	2.65321251377534	9.15	49	244_D14_F	84.71379	36.21996	3.8674800000000005	17.031390000000002	5.016360000000001	6.858509999999999	2.43889	0	1.27779	1.0299900000000002	1.6335	X12bP244D14F	SRR11969339
X12bP244D21C	244	F	6.75	15.9	NA	49.521825181113606	X12b	D21	C	34429	RPS	X12b_D21_C_RPS	2.25527250510331	9.15	49	244_D21_C	83.47251	41.962019999999995	0.57555	14.92482	0.45222000000000007	2.95992	0.56292	0.21744000000000002	0.18195	0.39216	3.2244	X12bP244D21C	SRR11969806
X12bP244D21F	244	F	6.75	15.9	NA	49.521825181113606	X12b	D21	F	24410	RPS	X12b_D21_F_RPS	1.69897000433602	9.15	49	244_D21_F	99.92400000000002	38.744429999999994	4.705830000000001	26.532600000000002	5.86293	6.9213000000000005	3.07306	0	1.60179	2.95176	18.102510000000002	X12bP244D21F	SRR11969685
X12bP244D21X	244	F	6.75	15.9	NA	49.521825181113606	X12b	D21	X	22422	RPS	X12b_D21_X_RPS	0	9.15	49	244_D21_X	83.47251	41.962019999999995	0.57555	14.92482	0.45222000000000007	2.95992	0.56292	0.21744000000000002	0.18195	0.39216	3.2244	X12bP244D21X	SRR11969949
X12bP244D2F	244	F	6.75	15.9	NA	49.521825181113606	X12b	D2	F	16811	RPS	X12b_D2_F_RPS	1.69897000433602	9.15	49	244_D2_F	72.52653000000001	31.507529999999996	2.98104	8.77608	3.2905500000000005	6.10305	1.33732	0.26249999999999996	0.82839	1.9113	2.73924	X12bP244D2F	SRR11969275
X12bP244D7F	244	F	6.75	15.9	NA	49.521825181113606	X12b	D7	F	30540	RPS	X12b_D7_F_RPS	3.17609125905568	9.15	49	244_D7_F	99.98457	42.28776	4.69053	21.07056	7.14894	9.790140000000001	3.4776099999999994	0	1.91904	3.5934600000000003	8.19372	X12bP244D7F	SRR11969558
X12bP26D0F	26	M	5.4	11.05	NA	35.03300507154433	X12b	D0	F	18388	Acid	X12b_D0_F_Acid	0	5.65	6	26_D0_F	65.23668	23.71512	2.89116	17.93949	2.667	2.35815	0.44259999999999994	0	0.7742100000000001	0.50796	1.2000899999999999	X12bP26D0F	SRR11969782
X12bP26D14F	26	M	5.4	11.05	NA	35.03300507154433	X12b	D14	F	30268	Acid	X12b_D14_F_Acid	1.69897000433602	5.65	6	26_D14_F	100.30212	35.95029	5.22966	31.464299999999998	8.21898	9.55443	2.29669	0	2.18253	1.51332	0	X12bP26D14F	SRR11969383
X12bP26D21C	26	M	5.4	11.05	NA	35.03300507154433	X12b	D21	C	34463	Acid	X12b_D21_C_Acid	2.07918124604762	5.65	6	26_D21_C	91.33215	48.36816	0.6229199999999999	20.72565	0.5410200000000001	3.0130500000000002	0.43809	0.22098	0.2676	0.8005200000000001	0.9888899999999999	X12bP26D21C	SRR11969848
X12bP26D21F	26	M	5.4	11.05	NA	35.03300507154433	X12b	D21	F	31431	Acid	X12b_D21_F_Acid	2	5.65	6	26_D21_F	99.52119	51.28857	4.23762	32.099729999999994	6.83034	7.912559999999999	1.85365	0	1.94103	1.58127	0.69927	X12bP26D21F	SRR11969219
X12bP26D2F	26	M	5.4	11.05	NA	35.03300507154433	X12b	D2	F	22813	Acid	X12b_D2_F_Acid	1.69897000433602	5.65	6	26_D2_F	83.71452000000001	35.89032	5.6580900000000005	38.39823	7.814640000000001	9.606959999999999	3.2254	0	1.9748100000000002	1.03905	1.17093	X12bP26D2F	SRR11969315
X12bP26D7F	26	M	5.4	11.05	NA	35.03300507154433	X12b	D7	F	21118	Acid	X12b_D7_F_Acid	1.69897000433602	5.65	6	26_D7_F	82.7013	33.38055	5.11479	23.50482	5.99562	7.81626	2.19631	0	1.61355	2.01258	10.061129999999999	X12bP26D7F	SRR11969630
X12bP321D0F	321	M	6.7	15.2	NA	28.03300507154433	X12b	D0	F	25292	RPS	X12b_D0_F_RPS	0	8.5	65	321_D0_F	69.12267000000001	32.02302	4.23348	13.009739999999999	5.28972	6.51684	1.45099	0	1.32432	1.45923	0.71676	X12bP321D0F	SRR11969740
X12bP321D14F	321	M	6.7	15.2	NA	28.03300507154433	X12b	D14	F	31514	RPS	X12b_D14_F_RPS	1.69897000433602	8.5	65	321_D14_F	92.21505	69.54675	3.92481	20.08185	6.125399999999999	19.99107	2.90719	0	1.60251	1.59891	0	X12bP321D14F	SRR11969338
X12bP321D21C	321	M	6.7	15.2	NA	28.03300507154433	X12b	D21	C	24032	RPS	X12b_D21_C_RPS	1.77815125038364	8.5	65	321_D21_C	87.04902	48.41664	0.43479	25.37148	0.43029	6.39942	1.0167	0.44742	0.2097	0.5962799999999999	0.69072	X12bP321D21C	SRR11969805
X12bP321D21F	321	M	6.7	15.2	NA	28.03300507154433	X12b	D21	F	27658	RPS	X12b_D21_F_RPS	1.69897000433602	8.5	65	321_D21_F	82.71000000000001	41.68893	5.21499	20.35911	7.5411	7.3534500000000005	1.58068	0	1.97433	2.21262	5.21379	X12bP321D21F	SRR11969684
X12bP321D21X	321	M	6.7	15.2	NA	28.03300507154433	X12b	D21	X	30752	RPS	X12b_D21_X_RPS	1.30102999566398	8.5	65	321_D21_X	87.04902	48.41664	0.43479	25.37148	0.43029	6.39942	1.0167	0.44742	0.2097	0.5962799999999999	0.69072	X12bP321D21X	SRR11969948
X12bP321D2F	321	M	6.7	15.2	NA	28.03300507154433	X12b	D2	F	34577	RPS	X12b_D2_F_RPS	0	8.5	65	321_D2_F	72.20715	43.44894	3.41883	17.549100000000003	4.58877	12.108329999999999	2.8786000000000005	0	1.1713200000000001	0.5205299999999999	3.34155	X12bP321D2F	SRR11969274
X12bP321D7F	321	M	6.7	15.2	NA	28.03300507154433	X12b	D7	F	19855	RPS	X12b_D7_F_RPS	1.69897000433602	8.5	65	321_D7_F	97.00137000000002	52.257000000000005	4.6750799999999995	23.77467	6.546060000000001	16.276049999999998	4.2778	0	1.6527599999999998	4.60419	5.60412	X12bP321D7F	SRR11969557
X12bP337D0F	337	NA	6.45	14.75	NA	66.20657193070778	X12b	D0	F	26428	Control	X12b_D0_F_Control	0	8.3	68	337_D0_F	45.40155	16.659509999999997	3.2990399999999998	8.64873	4.73832	3.74991	1.00441	0	1.4476499999999999	1.18371	1.2501	X12bP337D0F	SRR11969760
X12bP337D14F	337	NA	6.45	14.75	NA	66.20657193070778	X12b	D14	F	24814	Control	X12b_D14_F_Control	2.69897000433602	8.3	68	337_D14_F	68.53296	42.104820000000004	3.5622599999999998	19.545450000000002	4.02345	9.818430000000001	0.7991199999999998	0	1.00665	1.22415	0.43272	X12bP337D14F	SRR11969361
X12bP337D21C	337	NA	6.45	14.75	NA	66.20657193070778	X12b	D21	C	30516	Control	X12b_D21_C_Control	3.57978359661681	8.3	68	337_D21_C	76.08312	42.21171	0.7916099999999999	15.97935	0.70179	3.6781500000000005	0.49868999999999997	0.31422	0.24347999999999997	1.0201799999999999	0.8052299999999999	X12bP337D21C	SRR11969826
X12bP337D21F	337	NA	6.45	14.75	NA	66.20657193070778	X12b	D21	F	35025	Control	X12b_D21_F_Control	2.39794000867204	8.3	68	337_D21_F	59.01336	27.946379999999998	3.21126	17.51715	3.7315499999999995	4.34796	1.6152699999999998	0	0.9642599999999999	1.30668	11.872140000000002	X12bP337D21F	SRR11969196
X12bP337D21X	337	NA	6.45	14.75	NA	66.20657193070778	X12b	D21	X	24199	Control	X12b_D21_X_Control	2.47712125471966	8.3	68	337_D21_X	76.08312	42.21171	0.7916099999999999	15.97935	0.70179	3.6781500000000005	0.49868999999999997	0.31422	0.24347999999999997	1.0201799999999999	0.8052299999999999	X12bP337D21X	SRR11969967
X12bP337D2F	337	NA	6.45	14.75	NA	66.20657193070778	X12b	D2	F	32206	Control	X12b_D2_F_Control	4.64345267648619	8.3	68	337_D2_F	52.739909999999995	29.3478	2.64834	13.436879999999999	2.11968	4.45899	0.21853000000000006	0	0.57498	0.68217	1.33983	X12bP337D2F	SRR11969293
X12bP337D7F	337	NA	6.45	14.75	NA	66.20657193070778	X12b	D7	F	21892	Control	X12b_D7_F_Control	3.77815125038364	8.3	68	337_D7_F	NA	NA	NA	NA	NA	NA	NA	NA	NA	NA	NA	X12bP337D7F	SRR11969609
X12bP345D0F	345	NA	6.6	16.45	NA	32.79702818557812	X12b	D0	F	20410	Control	X12b_D0_F_Control	0	9.85	69	345_D0_F	28.63044	10.93149	0.96747	2.49156	0.9339000000000001	0.8133600000000001	0	0	0.30771	0.5209199999999999	0.49857	X12bP345D0F	SRR11969759
X12bP345D14F	345	NA	6.6	16.45	NA	32.79702818557812	X12b	D14	F	25399	Control	X12b_D14_F_Control	1.69897000433602	9.85	69	345_D14_F	79.34139	33.92493	5.62143	20.89851	8.13408	7.065719999999999	2.1957400000000002	0	1.9494000000000002	1.62396	0	X12bP345D14F	SRR11969360
X12bP345D21C	345	NA	6.6	16.45	NA	32.79702818557812	X12b	D21	C	29785	Control	X12b_D21_C_Control	1.30102999566398	9.85	69	345_D21_C	82.73337000000001	51.462869999999995	0.48203999999999997	17.604570000000002	0.5369700000000001	3.2481599999999995	0.47661000000000003	0.22071	0.16326000000000002	0.63564	0	X12bP345D21C	SRR11969825
X12bP345D21F	345	NA	6.6	16.45	NA	32.79702818557812	X12b	D21	F	19753	Control	X12b_D21_F_Control	0	9.85	69	345_D21_F	94.23825000000001	38.38701	3.4693199999999997	22.56165	5.50014	6.214410000000001	1.6819899999999999	0	1.5407099999999998	2.7666	7.732259999999999	X12bP345D21F	SRR11969195
X12bP345D21X	345	NA	6.6	16.45	NA	32.79702818557812	X12b	D21	X	23480	Control	X12b_D21_X_Control	0	9.85	69	345_D21_X	82.73337000000001	51.462869999999995	0.48203999999999997	17.604570000000002	0.5369700000000001	3.2481599999999995	0.47661000000000003	0.22071	0.16326000000000002	0.63564	0	X12bP345D21X	SRR11969966
X12bP345D2F	345	NA	6.6	16.45	NA	32.79702818557812	X12b	D2	F	24987	Control	X12b_D2_F_Control	2.54406804435028	9.85	69	345_D2_F	60.18129	34.04067	1.75593	11.96157	1.43376	5.4448799999999995	0.4615000000000001	0	0.43982999999999994	0.6256200000000001	0.44184	X12bP345D2F	SRR11969291
X12bP345D7F	345	NA	6.6	16.45	NA	32.79702818557812	X12b	D7	F	18757	Control	X12b_D7_F_Control	2	9.85	69	345_D7_F	60.47787	21.934919999999998	3.1502100000000004	10.3407	3.9723	4.1858699999999995	0.95275	0	1.11498	2.01867	7.96911	X12bP345D7F	SRR11969608
X12bP348D0F	348	NA	5.95	14.7	NA	58.53921003821371	X12b	D0	F	15039	Acid	X12b_D0_F_Acid	0	8.75	70	348_D0_F	49.181670000000004	22.77582	2.70822	11.39538	3.7342199999999997	3.1466700000000003	0	0	0.93225	0.97296	0	X12bP348D0F	SRR11969781
X12bP348D14F	348	NA	5.95	14.7	NA	58.53921003821371	X12b	D14	F	27738	Acid	X12b_D14_F_Acid	2.47712125471966	8.75	70	348_D14_F	95.14287	51.63375	4.96755	43.90131	7.473840000000001	11.88606	0.8781999999999999	0	1.9166100000000001	1.83291	0	X12bP348D14F	SRR11969382
X12bP348D21C	348	NA	5.95	14.7	NA	58.53921003821371	X12b	D21	C	32121	Acid	X12b_D21_C_Acid	1.90308998699194	8.75	70	348_D21_C	69.38283	36.2766	0.30962999999999996	9.461939999999998	0.36117	1.26024	0.45465	0.38535	0.15039	0.70668	1.39881	X12bP348D21C	SRR11969847
X12bP348D21F	348	NA	5.95	14.7	NA	58.53921003821371	X12b	D21	F	31312	Acid	X12b_D21_F_Acid	1.69897000433602	8.75	70	348_D21_F	79.40667	24.04734	2.96526	17.07657	3.42204	3.24366	0.13981000000000005	0	1.07883	2.7379800000000003	25.9614	X12bP348D21F	SRR11969218
X12bP348D2F	348	NA	5.95	14.7	NA	58.53921003821371	X12b	D2	F	19819	Acid	X12b_D2_F_Acid	4.92941892571429	8.75	70	348_D2_F	64.60308	40.69578	1.8059399999999999	13.91244	0.8224800000000001	7.70334	0.17401000000000005	0	0.30894	0.41196	0	X12bP348D2F	SRR11969313
X12bP348D7F	348	NA	5.95	14.7	NA	58.53921003821371	X12b	D7	F	19256	Acid	X12b_D7_F_Acid	3	8.75	70	348_D7_F	71.39751	26.34447	3.2354400000000005	9.78621	3.5976	3.8219399999999997	0.23626000000000008	0	1.04664	0.77874	5.12631	X12bP348D7F	SRR11969629
X12bP355D0F	355	NA	6.05	14.35	NA	37.4794000867204	X12b	D0	F	21700	RPS	X12b_D0_F_RPS	0	8.3	71	355_D0_F	62.620529999999995	18.802500000000002	3.8497199999999996	10.92273	4.24266	2.72049	0.5511699999999999	0	1.17489	0.6785100000000001	1.2920099999999999	X12bP355D0F	SRR11969739
X12bP355D14F	355	NA	6.05	14.35	NA	37.4794000867204	X12b	D14	F	29174	RPS	X12b_D14_F_RPS	1.69897000433602	8.3	71	355_D14_F	115.4559	55.201440000000005	5.89545	30.52854	7.98711	12.264690000000002	2.16931	0	1.8532799999999998	1.47084	0.37041	X12bP355D14F	SRR11969337
X12bP355D21C	355	NA	6.05	14.35	NA	37.4794000867204	X12b	D21	C	29906	RPS	X12b_D21_C_RPS	2.50514997831991	8.3	71	355_D21_C	79.22685	48.513450000000006	0.44865	25.71651	0.48878999999999995	4.85379	0.7775400000000001	0.30479999999999996	0.27078	0.73128	0.35964	X12bP355D21C	SRR11969804
X12bP355D21F	355	NA	6.05	14.35	NA	37.4794000867204	X12b	D21	F	22115	RPS	X12b_D21_F_RPS	1.69897000433602	8.3	71	355_D21_F	97.96011	42.404759999999996	3.93414	22.38561	5.3185199999999995	8.779440000000001	0.7279	0	1.40808	4.01496	27.21342	X12bP355D21F	SRR11969683
X12bP355D21X	355	NA	6.05	14.35	NA	37.4794000867204	X12b	D21	X	26981	RPS	X12b_D21_X_RPS	1.30102999566398	8.3	71	355_D21_X	79.22685	48.513450000000006	0.44865	25.71651	0.48878999999999995	4.85379	0.7775400000000001	0.30479999999999996	0.27078	0.73128	0.35964	X12bP355D21X	SRR11969947
X12bP355D2F	355	NA	6.05	14.35	NA	37.4794000867204	X12b	D2	F	23439	RPS	X12b_D2_F_RPS	2.69897000433602	8.3	71	355_D2_F	58.05681	23.1276	2.6277600000000003	7.3890899999999995	2.6570400000000003	3.7268999999999997	0.30121000000000003	0	0.69852	1.5097200000000002	2.11938	X12bP355D2F	SRR11969273
X12bP355D7F	355	NA	6.05	14.35	NA	37.4794000867204	X12b	D7	F	18867	RPS	X12b_D7_F_RPS	1.69897000433602	8.3	71	355_D7_F	87.50859000000001	38.82537	2.0745899999999997	11.114370000000001	2.24526	6.08784	0.7570299999999999	0.396	0.69888	5.24634	15.294	X12bP355D7F	SRR11969556
X12bP361D0F	361	M	5.65	9.55	NA	40.07710511625494	X12b	D0	F	29342	Acid	X12b_D0_F_Acid	0	3.9000000000000004	73	361_D0_F	72.55419	12.740669999999998	0.9871800000000001	2.23902	0.86589	0.49065000000000003	0	0	0.31593	0.54876	0.51612	X12bP361D0F	SRR11969780
X12bP361D14F	361	M	5.65	9.55	NA	40.07710511625494	X12b	D14	F	21180	Acid	X12b_D14_F_Acid	1.69897000433602	3.9000000000000004	73	361_D14_F	73.19166	31.210680000000004	3.7220999999999997	22.35222	4.47753	6.429780000000001	0.9510700000000001	0	1.28694	1.3608	0.69447	X12bP361D14F	SRR11969381
X12bP361D21C	361	M	5.65	9.55	NA	40.07710511625494	X12b	D21	C	29278	Acid	X12b_D21_C_Acid	0	3.9000000000000004	73	361_D21_C	67.17887999999999	41.060249999999996	0.65823	19.79112	0.67644	4.51206	0.48363	0	0.17457	0.36941999999999997	0.50142	X12bP361D21C	SRR11969846
X12bP361D21F	361	M	5.65	9.55	NA	40.07710511625494	X12b	D21	F	36500	Acid	X12b_D21_F_Acid	0	3.9000000000000004	73	361_D21_F	75.98967	38.47113	4.3230900000000005	41.04396	5.56527	7.61598	1.38922	0.31851	1.40895	2.05647	13.745069999999998	X12bP361D21F	SRR11969217
X12bP361D2F	361	M	5.65	9.55	NA	40.07710511625494	X12b	D2	F	23353	Acid	X12b_D2_F_Acid	4.32221929473392	3.9000000000000004	73	361_D2_F	70.04157000000001	27.499589999999998	5.3232	19.37058	5.55204	7.34367	1.9005999999999998	0	1.5728399999999998	1.36965	2.7574199999999998	X12bP361D2F	SRR11969312
X12bP361D7F	361	M	5.65	9.55	NA	40.07710511625494	X12b	D7	F	25020	Acid	X12b_D7_F_Acid	2.17609125905568	3.9000000000000004	73	361_D7_F	69.52194	36.70662	4.85937	22.85877	6.5067900000000005	8.60181	2.1007	0	1.70382	0.8876999999999999	3.89457	X12bP361D7F	SRR11969628
X12bP373D0F	373	NA	5.05	16.2	NA	29.086610056368258	X12b	D0	F	15189	RPS	X12b_D0_F_RPS	0	11.149999999999999	75	373_D0_F	84.33	35.97822	2.46441	18.67623	2.24979	7.72473	2.1835	0	0.63594	1.17978	0.58488	X12bP373D0F	SRR11969738
X12bP373D14F	373	NA	5.05	16.2	NA	29.086610056368258	X12b	D14	F	35566	RPS	X12b_D14_F_RPS	1.69897000433602	11.149999999999999	75	373_D14_F	90.7587	31.88091	3.2908799999999996	23.75865	3.3659099999999995	6.64677	1.6435	0	0.9465300000000001	1.8260699999999999	1.15995	X12bP373D14F	SRR11969335
X12bP373D21C	373	NA	5.05	16.2	NA	29.086610056368258	X12b	D21	C	32935	RPS	X12b_D21_C_RPS	0	11.149999999999999	75	373_D21_C	85.15593	42.89112	0.3474	28.51692	0.34137	7.01178	0.75759	0.35814	0.25299	0.64848	1.03158	X12bP373D21C	SRR11969803
X12bP373D21F	373	NA	5.05	16.2	NA	29.086610056368258	X12b	D21	F	21219	RPS	X12b_D21_F_RPS	0	11.149999999999999	75	373_D21_F	98.05461000000001	38.750640000000004	2.46069	23.844269999999998	2.92782	4.7775	0.3293200000000001	0	0.83406	3.1001399999999997	29.97966	X12bP373D21F	SRR11969682
X12bP373D21X	373	NA	5.05	16.2	NA	29.086610056368258	X12b	D21	X	22716	RPS	X12b_D21_X_RPS	0	11.149999999999999	75	373_D21_X	85.15593	42.89112	0.3474	28.51692	0.34137	7.01178	0.75759	0.35814	0.25299	0.64848	1.03158	X12bP373D21X	SRR11969945
X12bP373D2F	373	NA	5.05	16.2	NA	29.086610056368258	X12b	D2	F	25416	RPS	X12b_D2_F_RPS	2	11.149999999999999	75	373_D2_F	85.28136	48.41759999999999	2.33991	24.836759999999998	2.32923	15.89427	1.8712299999999997	0	0.70035	1.31667	0.42167999999999994	X12bP373D2F	SRR11969272
X12bP373D7F	373	NA	5.05	16.2	NA	29.086610056368258	X12b	D7	F	36742	RPS	X12b_D7_F_RPS	1.69897000433602	11.149999999999999	75	373_D7_F	102.74064	46.34832	3.5323200000000003	13.146180000000001	4.37997	8.553840000000001	1.6432000000000002	0	1.0848900000000001	3.52623	11.1042	X12bP373D7F	SRR11969555
X12bP378D0F	378	F	5.6	16.2	NA	33.9794000867204	X12b	D0	F	21586	Acid	X12b_D0_F_Acid	0	10.6	76	378_D0_F	82.37949	50.06694	4.49169	30.277950000000004	6.3978	12.71409	3.47554	0	1.56819	1.39659	0.33567	X12bP378D0F	SRR11969779
X12bP378D14F	378	F	5.6	16.2	NA	33.9794000867204	X12b	D14	F	32475	Acid	X12b_D14_F_Acid	1.69897000433602	10.6	76	378_D14_F	84.17781000000001	53.2953	3.8742900000000002	16.20786	5.81673	12.945839999999999	2.85469	0.32583	1.5758100000000002	1.40046	0.29675999999999997	X12bP378D14F	SRR11969380
X12bP378D21C	378	F	5.6	16.2	NA	33.9794000867204	X12b	D21	C	23620	Acid	X12b_D21_C_Acid	0	10.6	76	378_D21_C	74.35233	49.6227	0.30657	23.13504	0.30219	7.72587	1.0722900000000002	0.24992999999999999	0.14853	0.8328300000000001	0	X12bP378D21C	SRR11969845
X12bP378D21F	378	F	5.6	16.2	NA	33.9794000867204	X12b	D21	F	17913	Acid	X12b_D21_F_Acid	1.69897000433602	10.6	76	378_D21_F	75.8967	37.38885	4.00824	17.23674	5.8782	8.83686	2.42287	0	1.5116100000000001	3.5208600000000003	7.80678	X12bP378D21F	SRR11969214
X12bP378D2F	378	F	5.6	16.2	NA	33.9794000867204	X12b	D2	F	22034	Acid	X12b_D2_F_Acid	1.69897000433602	10.6	76	378_D2_F	69.85452000000001	51.2907	1.1118299999999999	17.38251	0.79749	12.155100000000001	0.6987399999999999	0	0.29652	0.8966399999999999	0.37341	X12bP378D2F	SRR11969311
X12bP378D7F	378	F	5.6	16.2	NA	33.9794000867204	X12b	D7	F	25765	Acid	X12b_D7_F_Acid	1.69897000433602	10.6	76	378_D7_F	85.75617000000001	48.35928	5.47077	19.881300000000003	8.335920000000002	12.830490000000001	3.82747	0	2.13672	2.3349	7.79166	X12bP378D7F	SRR11969627
X12bP392D0F	392	F	6.05	13	NA	19.640215041192192	X12b	D0	F	22517	RPS	X12b_D0_F_RPS	0	6.95	79	392_D0_F	69.74046	25.67508	2.46528	10.557269999999999	2.64822	3.75042	0.7197100000000001	0	0.7263900000000001	1.0583099999999999	0.5568	X12bP392D0F	SRR11969737
X12bP392D14F	392	F	6.05	13	NA	19.640215041192192	X12b	D14	F	27238	RPS	X12b_D14_F_RPS	0	6.95	79	392_D14_F	75.97260000000001	36.592980000000004	4.03839	17.18007	5.77662	8.815620000000001	2.06827	0	1.46973	0.9139200000000001	0.58029	X12bP392D14F	SRR11969334
X12bP392D21C	392	F	6.05	13	NA	19.640215041192192	X12b	D21	C	29265	RPS	X12b_D21_C_RPS	0	6.95	79	392_D21_C	68.50779	38.63922	0.56166	27.47772	0.71649	9.711929999999999	1.6179000000000001	0.26991	0.24861	0.8616	1.01301	X12bP392D21C	SRR11969802
X12bP392D21F	392	F	6.05	13	NA	19.640215041192192	X12b	D21	F	26052	RPS	X12b_D21_F_RPS	0	6.95	79	392_D21_F	80.24547	30.839309999999998	3.32844	14.77524	4.65912	6.94581	2.56954	0	1.22046	3.41952	19.103879999999997	X12bP392D21F	SRR11969681
X12bP392D21X	392	F	6.05	13	NA	19.640215041192192	X12b	D21	X	28496	RPS	X12b_D21_X_RPS	0	6.95	79	392_D21_X	68.50779	38.63922	0.56166	27.47772	0.71649	9.711929999999999	1.6179000000000001	0.26991	0.24861	0.8616	1.01301	X12bP392D21X	SRR11969944
X12bP392D2F	392	F	6.05	13	NA	19.640215041192192	X12b	D2	F	30679	RPS	X12b_D2_F_RPS	2.69897000433602	6.95	79	392_D2_F	84.24669000000002	23.45433	3.47508	16.31763	4.4927399999999995	6.10965	2.01943	0	1.22052	2.4254100000000003	5.61309	X12bP392D2F	SRR11969271
X12bP392D7F	392	F	6.05	13	NA	19.640215041192192	X12b	D7	F	24438	RPS	X12b_D7_F_RPS	1.69897000433602	6.95	79	392_D7_F	87.74862	36.87567	3.15627	17.894669999999998	4.06002	8.22063	2.50762	0	1.08105	2.20602	8.42406	X12bP392D7F	SRR11969554
X12bP397D0F	397	F	8.15	17.6	NA	43.72775619766973	X12b	D0	F	25940	RCS	X12b_D0_F_RCS	0	9.450000000000001	80	397_D0_F	51.085049999999995	23.856	2.8872299999999997	11.7696	3.4791	4.55514	1.1641599999999999	0	0.88602	0.7479600000000001	0	X12bP397D0F	SRR11969748
X12bP397D14F	397	F	8.15	17.6	NA	43.72775619766973	X12b	D14	F	19227	RCS	X12b_D14_F_RCS	1.69897000433602	9.450000000000001	80	397_D14_F	81.95097	33.19818	3.34716	20.31498	4.69971	7.799430000000001	2.7713200000000002	0	1.23459	1.04325	1.27023	X12bP397D14F	SRR11969345
X12bP397D21C	397	F	8.15	17.6	NA	43.72775619766973	X12b	D21	C	25588	RCS	X12b_D21_C_RCS	1.30102999566398	9.450000000000001	80	397_D21_C	84.28191	44.27541	0.38973	17.32215	0.42393	3.7944899999999997	0.6256200000000001	0.58446	0.19005	0.53625	1.07268	X12bP397D21C	SRR11969814
X12bP397D21F	397	F	8.15	17.6	NA	43.72775619766973	X12b	D21	F	35062	RCS	X12b_D21_F_RCS	1.69897000433602	9.450000000000001	80	397_D21_F	80.74743000000001	26.04096	3.07482	17.64489	4.5362100000000005	4.817819999999999	2.00056	0	1.44495	1.23306	26.87448	X12bP397D21F	SRR11969691
X12bP397D2F	397	F	8.15	17.6	NA	43.72775619766973	X12b	D2	F	20754	RCS	X12b_D2_F_RCS	2.69897000433602	9.450000000000001	80	397_D2_F	76.57698	27.50721	3.41505	16.52082	4.34382	6.72645	1.7910400000000002	0	1.11606	2.18565	3.84441	X12bP397D2F	SRR11969280
X12bP397D7F	397	F	8.15	17.6	NA	43.72775619766973	X12b	D7	F	22227	RCS	X12b_D7_F_RCS	2.74036268949424	9.450000000000001	80	397_D7_F	67.98438	25.03311	2.43792	7.8194099999999995	2.78499	4.42992	1.14082	0.45759	0.8964599999999999	5.0862300000000005	24.35352	X12bP397D7F	SRR11969565
X12bP419D0F	419	NA	6.1	14.15	NA	51.98984008782492	X12b	D0	F	21758	Control	X12b_D0_F_Control	0	8.05	84	419_D0_F	49.14537000000001	16.936889999999998	2.54418	6.651060000000001	2.5581	2.07903	0.3632800000000001	0	0.73575	0.60453	0.9279599999999999	X12bP419D0F	SRR11969758
X12bP419D14F	419	NA	6.1	14.15	NA	51.98984008782492	X12b	D14	F	19413	Control	X12b_D14_F_Control	1.69897000433602	8.05	84	419_D14_F	99.41226000000002	42.825810000000004	6.2105999999999995	31.494149999999998	8.54016	8.92818	3.1946200000000005	0	2.18121	1.9398	0.5328	X12bP419D14F	SRR11969359
X12bP419D21C	419	NA	6.1	14.15	NA	51.98984008782492	X12b	D21	C	27679	Control	X12b_D21_C_Control	2.80617997398389	8.05	84	419_D21_C	98.49287999999999	60.81018	0.63747	24.8049	0.6524099999999999	3.55572	0.49821	0.27297	0.2223	0.89922	0	X12bP419D21C	SRR11969824
X12bP419D21F	419	NA	6.1	14.15	NA	51.98984008782492	X12b	D21	F	44928	Control	X12b_D21_F_Control	2.69897000433602	8.05	84	419_D21_F	93.28767	40.23924	5.53188	29.4762	8.25453	8.804640000000001	2.9406100000000004	0	2.18592	2.55234	6.850110000000001	X12bP419D21F	SRR11969194
X12bP419D21X	419	NA	6.1	14.15	NA	51.98984008782492	X12b	D21	X	30132	Control	X12b_D21_X_Control	2.53147891704225	8.05	84	419_D21_X	98.49287999999999	60.81018	0.63747	24.8049	0.6524099999999999	3.55572	0.49821	0.27297	0.2223	0.89922	0	X12bP419D21X	SRR11969965
X12bP419D2F	419	NA	6.1	14.15	NA	51.98984008782492	X12b	D2	F	19590	Control	X12b_D2_F_Control	2.90308998699194	8.05	84	419_D2_F	92.36055	45.70677	5.78892	24.898740000000004	7.85523	10.90536	2.8890700000000002	0	1.8628799999999999	1.4511	1.6695	X12bP419D2F	SRR11969290
X12bP419D7F	419	NA	6.1	14.15	NA	51.98984008782492	X12b	D7	F	25510	Control	X12b_D7_F_Control	3.41497334797082	8.05	84	419_D7_F	80.28129	34.26831	4.4688300000000005	16.74378	5.46348	7.7068200000000004	1.9488400000000001	0	1.4816099999999999	2.91492	15.33576	X12bP419D7F	SRR11969607
X12bP426D0F	426	M	8.05	17.1	NA	33.45154499349597	X12b	D0	F	28352	Acid	X12b_D0_F_Acid	0	9.05	86	426_D0_F	77.85090000000001	38.017649999999996	3.20154	20.60472	3.8448	6.7248	1.33543	0	0.99423	1.15629	0	X12bP426D0F	SRR11969778
X12bP426D14F	426	M	8.05	17.1	NA	33.45154499349597	X12b	D14	F	28984	Acid	X12b_D14_F_Acid	1.69897000433602	9.05	86	426_D14_F	91.17768	37.41624	4.43154	31.2675	5.47482	6.1513800000000005	1.1912800000000001	0.28089000000000003	1.41516	1.21662	0.35961	X12bP426D14F	SRR11969379
X12bP426D21C	426	M	8.05	17.1	NA	33.45154499349597	X12b	D21	C	29577	Acid	X12b_D21_C_Acid	1.90308998699194	9.05	86	426_D21_C	86.35719	39.27294	0.34917	21.53151	0.30378	3.50061	0.6849000000000001	0.7188	0.13485	0.6372599999999999	1.27941	X12bP426D21C	SRR11969844
X12bP426D21F	426	M	8.05	17.1	NA	33.45154499349597	X12b	D21	F	20559	Acid	X12b_D21_F_Acid	1.69897000433602	9.05	86	426_D21_F	84.92880000000001	27.607950000000002	3.42054	15.94059	4.7722500000000005	4.29768	0.2716300000000001	0.38982	1.2957	5.4444300000000005	22.18419	X12bP426D21F	SRR11969213
X12bP426D2F	426	M	8.05	17.1	NA	33.45154499349597	X12b	D2	F	18367	Acid	X12b_D2_F_Acid	0	9.05	86	426_D2_F	80.07345000000001	27.507960000000004	4.09158	18.26835	4.45866	6.194789999999999	1.52989	0	1.21863	1.6594799999999998	13.296180000000001	X12bP426D2F	SRR11969310
X12bP426D7F	426	M	8.05	17.1	NA	33.45154499349597	X12b	D7	F	21236	Acid	X12b_D7_F_Acid	2.60205999132796	9.05	86	426_D7_F	90.97311	32.384339999999995	5.6802	20.88657	8.473980000000001	7.47402	2.16235	0	2.29542	1.51491	11.957819999999998	X12bP426D7F	SRR11969626
X12bP43D0F	43	F	6.9	13.45	NA	32.565656991381104	X12b	D0	F	26259	RCS	X12b_D0_F_RCS	0	6.549999999999999	9	43_D0_F	77.49774000000001	33.09534	3.6926099999999997	19.818450000000002	4.55949	7.023390000000001	2.14225	0	1.1419199999999998	0.8731200000000001	1.77717	X12bP43D0F	SRR11969747
X12bP43D14F	43	F	6.9	13.45	NA	32.565656991381104	X12b	D14	F	8767	RCS	X12b_D14_F_RCS	1.69897000433602	6.549999999999999	9	43_D14_F	81.43044	36.97512	3.3884999999999996	23.80245	4.3618500000000004	9.71154	2.29717	0	1.25736	1.20756	0.42279	X12bP43D14F	SRR11969344
X12bP43D21C	43	F	6.9	13.45	NA	32.565656991381104	X12b	D21	C	23012	RCS	X12b_D21_C_RCS	1.30102999566398	6.549999999999999	9	43_D21_C	85.84647000000001	40.82817	0.46797	24.39369	0.46554000000000006	5.11386	0.8884799999999999	0.26706	0.14478	0.777	0.7621800000000001	X12bP43D21C	SRR11969813
X12bP43D21F	43	F	6.9	13.45	NA	32.565656991381104	X12b	D21	F	32580	RCS	X12b_D21_F_RCS	0	6.549999999999999	9	43_D21_F	87.14508000000001	29.92362	3.39564	19.89042	4.59495	6.33189	2.3299600000000003	0	1.22619	0.7148399999999999	6.459900000000001	X12bP43D21F	SRR11969690
X12bP43D2F	43	F	6.9	13.45	NA	32.565656991381104	X12b	D2	F	19850	RCS	X12b_D2_F_RCS	2.17609125905568	6.549999999999999	9	43_D2_F	73.24458	42.86259	2.95398	18.61296	3.3063900000000004	10.75242	1.9828899999999998	0	0.8952899999999999	0.92286	2.05347	X12bP43D2F	SRR11969279
X12bP43D7F	43	F	6.9	13.45	NA	32.565656991381104	X12b	D7	F	22638	RCS	X12b_D7_F_RCS	2.17609125905568	6.549999999999999	9	43_D7_F	84.6954	42.04209	4.19325	15.558330000000002	5.08917	8.68944	2.2866999999999997	0	1.31769	2.29479	11.12829	X12bP43D7F	SRR11969564
X12bP453D0F	453	M	5.95	17.3	NA	39.285580060704284	X12b	D0	F	20413	RCS	X12b_D0_F_RCS	0	11.350000000000001	91	453_D0_F	64.63593	25.99281	2.4510300000000003	11.72169	2.60187	3.57024	1.07233	0	0.6966	1.9434	6.68448	X12bP453D0F	SRR11969746
X12bP453D14F	453	M	5.95	17.3	NA	39.285580060704284	X12b	D14	F	28830	RCS	X12b_D14_F_RCS	1.69897000433602	11.350000000000001	91	453_D14_F	95.93865000000001	27.059189999999997	4.402620000000001	16.27611	5.58462	5.09361	1.3572700000000002	0	1.68045	0.7731600000000001	4.76247	X12bP453D14F	SRR11969343
X12bP453D21C	453	M	5.95	17.3	NA	39.285580060704284	X12b	D21	C	25051	RCS	X12b_D21_C_RCS	2	11.350000000000001	91	453_D21_C	NA	NA	NA	NA	NA	NA	NA	NA	NA	NA	NA	X12bP453D21C	SRR11969812
X12bP453D21F	453	M	5.95	17.3	NA	39.285580060704284	X12b	D21	F	73017	RCS	X12b_D21_F_RCS	1.69897000433602	11.350000000000001	91	453_D21_F	95.17062000000001	31.282559999999997	3.21549	15.98973	3.6276599999999997	3.67845	0.7450299999999999	0	1.12422	3.01911	23.897819999999996	X12bP453D21F	SRR11969688
X12bP453D2F	453	M	5.95	17.3	NA	39.285580060704284	X12b	D2	F	4186	RCS	X12b_D2_F_RCS	2.69897000433602	11.350000000000001	91	453_D2_F	NA	NA	NA	NA	NA	NA	NA	NA	NA	NA	NA	X12bP453D2F	SRR11969278
X12bP453D7F	453	M	5.95	17.3	NA	39.285580060704284	X12b	D7	F	21380	RCS	X12b_D7_F_RCS	2	11.350000000000001	91	453_D7_F	38.09802	13.109189999999998	1.5266699999999997	6.80175	1.9717799999999999	1.9954199999999997	0.7037800000000001	0	0.57597	0.81477	10.76253	X12bP453D7F	SRR11969563
X12bP458D0F	458	F	6.8	12.65	NA	41.46695257709693	X12b	D0	F	22853	Control	X12b_D0_F_Control	0	5.8500000000000005	92	458_D0_F	64.48245000000001	21.20103	3.6736500000000003	11.88396	4.64823	2.7858300000000003	0.7175499999999999	0	1.15116	0.9757499999999999	0.61485	X12bP458D0F	SRR11969757
X12bP458D14F	458	F	6.8	12.65	NA	41.46695257709693	X12b	D14	F	18641	Control	X12b_D14_F_Control	1.69897000433602	5.8500000000000005	92	458_D14_F	80.44338	25.91304	3.22449	15.9786	4.0893	3.95439	1.65082	0	1.29696	0.84375	0.37734	X12bP458D14F	SRR11969358
X12bP458D21C	458	F	6.8	12.65	NA	41.46695257709693	X12b	D21	C	24893	Control	X12b_D21_C_Control	3.08635983067475	5.8500000000000005	92	458_D21_C	NA	NA	NA	NA	NA	NA	NA	NA	NA	NA	NA	X12bP458D21C	SRR11969823
X12bP458D21F	458	F	6.8	12.65	NA	41.46695257709693	X12b	D21	F	29290	Control	X12b_D21_F_Control	1.69897000433602	5.8500000000000005	92	458_D21_F	96.51978000000001	31.70553	3.6199199999999996	18.64386	5.1588	4.52715	1.5312999999999999	0	1.5114299999999998	0.97131	8.76219	X12bP458D21F	SRR11969699
X12bP458D21X	458	F	6.8	12.65	NA	41.46695257709693	X12b	D21	X	30888	Control	X12b_D21_X_Control	1.30102999566398	5.8500000000000005	92	458_D21_X	NA	NA	NA	NA	NA	NA	NA	NA	NA	NA	NA	X12bP458D21X	SRR11969964
X12bP458D2F	458	F	6.8	12.65	NA	41.46695257709693	X12b	D2	F	21432	Control	X12b_D2_F_Control	3.32221929473392	5.8500000000000005	92	458_D2_F	68.985	23.484630000000003	2.33793	9.857099999999999	2.35617	2.23665	0.46923999999999993	0	0.75264	1.4554200000000002	2.93562	X12bP458D2F	SRR11969289
X12bP458D7F	458	F	6.8	12.65	NA	41.46695257709693	X12b	D7	F	29704	Control	X12b_D7_F_Control	2	5.8500000000000005	92	458_D7_F	110.50547999999999	46.204139999999995	6.2706599999999995	28.127969999999998	10.14363	11.49207	3.3988000000000005	0	2.4853199999999998	1.01217	5.443020000000001	X12bP458D7F	SRR11969606
X12bP469D0F	469	F	7	13.7	NA	37.99084821159424	X12b	D0	F	19376	RCS	X12b_D0_F_RCS	0	6.699999999999999	94	469_D0_F	90.77682000000001	41.64099	2.90745	23.847810000000003	3.14985	6.3958200000000005	1.8739	0	0.78519	1.7659799999999999	1.76001	X12bP469D0F	SRR11969745
X12bP469D14F	469	F	7	13.7	NA	37.99084821159424	X12b	D14	F	28618	RCS	X12b_D14_F_RCS	1.69897000433602	6.699999999999999	94	469_D14_F	104.19216000000002	41.482350000000004	4.1729400000000005	23.43207	5.90583	9.85437	3.7010500000000004	0	1.4536799999999999	1.43541	1.16916	X12bP469D14F	SRR11969342
X12bP469D21C	469	F	7	13.7	NA	37.99084821159424	X12b	D21	C	27816	RCS	X12b_D21_C_RCS	2.95424250943932	6.699999999999999	94	469_D21_C	NA	NA	NA	NA	NA	NA	NA	NA	NA	NA	NA	X12bP469D21C	SRR11969811
X12bP469D2F	469	F	7	13.7	NA	37.99084821159424	X12b	D2	F	22926	RCS	X12b_D2_F_RCS	2.84509804001426	6.699999999999999	94	469_D2_F	NA	NA	NA	NA	NA	NA	NA	NA	NA	NA	NA	X12bP469D2F	SRR11969277
X12bP469D7F	469	F	7	13.7	NA	37.99084821159424	X12b	D7	F	23135	RCS	X12b_D7_F_RCS	1.69897000433602	6.699999999999999	94	469_D7_F	78.30705	34.018919999999994	3.73413	23.07426	4.43244	7.656270000000001	3.40906	0	1.2000000000000002	1.8873600000000001	15.27915	X12bP469D7F	SRR11969562
X12bP50D14F	50	NA	7.85	14.75	NA	39.67801693934886	X12b	D14	F	37573	RPS	X12b_D14_F_RPS	1.69897000433602	6.9	10	50_D14_F	99.08505000000001	35.54787	4.79661	28.680389999999996	6.697649999999999	9.6465	4.33267	0	1.7115299999999998	1.37991	0.38256	X12bP50D14F	SRR11969333
X12bP50D21C	50	NA	7.85	14.75	NA	39.67801693934886	X12b	D21	C	34292	RPS	X12b_D21_C_RPS	1.60205999132796	6.9	10	50_D21_C	95.56272	60.821940000000005	0.65292	22.17693	0.57312	4.5033	0.48774	0	0.16254	0.59826	0.34782	X12bP50D21C	SRR11969801
X12bP50D21F	50	NA	7.85	14.75	NA	39.67801693934886	X12b	D21	F	21985	RPS	X12b_D21_F_RPS	0	6.9	10	50_D21_F	92.90610000000001	45.28071	5.85663	32.411339999999996	8.16198	11.05704	2.0863899999999997	0	2.10384	1.82952	5.03787	X12bP50D21F	SRR11969680
X12bP50D21X	50	NA	7.85	14.75	NA	39.67801693934886	X12b	D21	X	25605	RPS	X12b_D21_X_RPS	0	6.9	10	50_D21_X	95.56272	60.821940000000005	0.65292	22.17693	0.57312	4.5033	0.48774	0	0.16254	0.59826	0.34782	X12bP50D21X	SRR11969943
X12bP50D2F	50	NA	7.85	14.75	NA	39.67801693934886	X12b	D2	F	30077	RPS	X12b_D2_F_RPS	3.17609125905568	6.9	10	50_D2_F	75.13587000000001	36.88344	4.91448	29.36967	7.73898	11.35332	2.50123	0	1.8975	1.1595300000000002	1.80864	X12bP50D2F	SRR11969269
X12bP50D7F	50	NA	7.85	14.75	NA	39.67801693934886	X12b	D7	F	24548	RPS	X12b_D7_F_RPS	2.77815125038364	6.9	10	50_D7_F	85.21539	31.847009999999997	5.26128	21.999959999999998	7.07145	8.51421	2.8063000000000002	0	1.84398	2.52591	16.53345	X12bP50D7F	SRR11969553
X12bP52D0F	52	F	7.1	17.5	NA	33.9794000867204	X12b	D0	F	17967	Acid	X12b_D0_F_Acid	0	10.4	11	52_D0_F	71.7381	28.931369999999998	1.9880999999999998	11.3373	1.82877	4.05834	0.13786000000000004	0	0.43920000000000003	1.41522	1.1695799999999998	X12bP52D0F	SRR11969777
X12bP52D14F	52	F	7.1	17.5	NA	33.9794000867204	X12b	D14	F	33385	Acid	X12b_D14_F_Acid	1.69897000433602	10.4	11	52_D14_F	79.9347	29.228160000000003	3.4857899999999997	19.45557	4.21152	4.93671	1.7056300000000002	0	1.27305	0.49527	0.6744300000000001	X12bP52D14F	SRR11969378
X12bP52D21C	52	F	7.1	17.5	NA	33.9794000867204	X12b	D21	C	28112	Acid	X12b_D21_C_Acid	3.60205999132796	10.4	11	52_D21_C	76.16973	41.083980000000004	0.41148	15.002580000000002	0.39381	2.77431	0.55824	0.66351	0.16353	0.43065000000000003	1.6598100000000002	X12bP52D21C	SRR11969842
X12bP52D21F	52	F	7.1	17.5	NA	33.9794000867204	X12b	D21	F	22557	Acid	X12b_D21_F_Acid	1.69897000433602	10.4	11	52_D21_F	89.45898000000001	48.75453	5.38374	35.846909999999994	8.527890000000001	10.370159999999998	2.8554399999999998	0	2.1461099999999997	1.70559	0.45912000000000003	X12bP52D21F	SRR11969212
X12bP52D2F	52	F	7.1	17.5	NA	33.9794000867204	X12b	D2	F	25950	Acid	X12b_D2_F_Acid	1.69897000433602	10.4	11	52_D2_F	53.80119	31.88241	2.2353300000000003	9.57642	1.60485	6.23466	0.34024000000000004	0	0.4008	0.58638	1.01022	X12bP52D2F	SRR11969309
X12bP52D7F	52	F	7.1	17.5	NA	33.9794000867204	X12b	D7	F	25573	Acid	X12b_D7_F_Acid	1.69897000433602	10.4	11	52_D7_F	88.36635000000001	36.04599	3.6478200000000003	18.88071	5.01414	9.375509999999998	1.8833799999999998	0	1.3520699999999999	2.92734	16.53024	X12bP52D7F	SRR11969625
X12bP65D0F	65	F	6.35	15.2	NA	40.758460128180246	X12b	D0	F	18284	RCS	X12b_D0_F_RCS	0	8.85	13	65_D0_F	63.572700000000005	23.88957	2.99943	13.78278	3.3533999999999997	5.17638	1.22986	0	0.8768099999999999	0.53826	0.64374	X12bP65D0F	SRR11969744
X12bP65D14F	65	F	6.35	15.2	NA	40.758460128180246	X12b	D14	F	19473	RCS	X12b_D14_F_RCS	1.69897000433602	8.85	13	65_D14_F	76.27065	28.27059	3.1787099999999997	13.6815	4.021649999999999	6.39084	1.69027	0	1.10406	2.4846000000000004	4.52757	X12bP65D14F	SRR11969341
X12bP65D21C	65	F	6.35	15.2	NA	40.758460128180246	X12b	D21	C	25226	RCS	X12b_D21_C_RCS	2.20411998265593	8.85	13	65_D21_C	96.47352000000001	45.16419	0.36537	20.75727	0.33282	3.77064	0.46563	0.28641	0.13818	0.5236799999999999	0.70029	X12bP65D21C	SRR11969808
X12bP65D21F	65	F	6.35	15.2	NA	40.758460128180246	X12b	D21	F	44954	RCS	X12b_D21_F_RCS	1.69897000433602	8.85	13	65_D21_F	92.08107	33.891000000000005	3.10257	21.02898	4.2631499999999996	7.250310000000001	1.81543	0	1.21761	2.7712499999999998	29.815530000000003	X12bP65D21F	SRR11969687
X12bP65D2F	65	F	6.35	15.2	NA	40.758460128180246	X12b	D2	F	24697	RCS	X12b_D2_F_RCS	2	8.85	13	65_D2_F	77.16447000000001	38.924459999999996	4.0921199999999995	23.44623	4.72143	9.52341	2.6971299999999996	0	1.2936	2.0559000000000003	3.60168	X12bP65D2F	SRR11969276
X12bP65D7F	65	F	6.35	15.2	NA	40.758460128180246	X12b	D7	F	30275	RCS	X12b_D7_F_RCS	2.65321251377534	8.85	13	65_D7_F	83.02872	47.02713	3.5910900000000003	26.354280000000003	4.15998	14.450490000000002	2.8419099999999995	0	1.10814	2.7819000000000003	13.83342	X12bP65D7F	SRR11969561
X12bP77D0F	77	F	5.35	11.6	NA	37.140215041192185	X12b	D0	F	29383	Control	X12b_D0_F_Control	0	6.25	16	77_D0_F	NA	NA	NA	NA	NA	NA	NA	NA	NA	NA	NA	X12bP77D0F	SRR11969756
X12bP77D14F	77	F	5.35	11.6	NA	37.140215041192185	X12b	D14	F	29124	Control	X12b_D14_F_Control	1.69897000433602	6.25	16	77_D14_F	99.23727000000001	44.41497	5.4639299999999995	36.05196	6.9461699999999995	7.812059999999999	1.9897	0	1.7873700000000001	1.8288000000000002	0.5219100000000001	X12bP77D14F	SRR11969357
X12bP77D21C	77	F	5.35	11.6	NA	37.140215041192185	X12b	D21	C	35544	Control	X12b_D21_C_Control	1.30102999566398	6.25	16	77_D21_C	74.00082	40.39434	0.27087	16.999290000000002	0.40179	2.9179500000000003	0.36828	0.19980000000000003	0.16101000000000001	0.60624	0	X12bP77D21C	SRR11969822
X12bP77D21F	77	F	5.35	11.6	NA	37.140215041192185	X12b	D21	F	22134	Control	X12b_D21_F_Control	2	6.25	16	77_D21_F	85.61247000000002	34.135619999999996	2.69532	23.34582	3.3303000000000003	4.71801	1.37002	0	0.88008	2.1000300000000003	13.04184	X12bP77D21F	SRR11969698
X12bP77D21X	77	F	5.35	11.6	NA	37.140215041192185	X12b	D21	X	22662	Control	X12b_D21_X_Control	0	6.25	16	77_D21_X	74.00082	40.39434	0.27087	16.999290000000002	0.40179	2.9179500000000003	0.36828	0.19980000000000003	0.16101000000000001	0.60624	0	X12bP77D21X	SRR11969963
X12bP77D2F	77	F	5.35	11.6	NA	37.140215041192185	X12b	D2	F	26577	Control	X12b_D2_F_Control	2.30102999566398	6.25	16	77_D2_F	52.070609999999995	22.29792	3.14808	12.67692	3.2982899999999997	3.02412	0.78355	0	0.9115500000000001	1.27437	0.6885	X12bP77D2F	SRR11969288
X12bP77D7F	77	F	5.35	11.6	NA	37.140215041192185	X12b	D7	F	29434	Control	X12b_D7_F_Control	1.69897000433602	6.25	16	77_D7_F	74.52753	31.123260000000002	2.9080500000000002	12.185640000000001	2.63079	3.89349	0.9938500000000001	0	0.76368	1.69692	9.88731	X12bP77D7F	SRR11969605
X12bP87D0F	87	M	6.65	12.35	NA	43.88072767279656	X12b	D0	F	33224	Control	X12b_D0_F_Control	0	5.699999999999999	18	87_D0_F	59.27691	21.771810000000002	4.09173	12.9651	4.97448	3.1344600000000002	0.15127000000000007	0	1.35216	1.14276	1.91457	X12bP87D0F	SRR11969755
X12bP87D14F	87	M	6.65	12.35	NA	43.88072767279656	X12b	D14	F	33031	Control	X12b_D14_F_Control	2	5.699999999999999	18	87_D14_F	64.47804000000001	21.064709999999998	3.82038	14.98743	4.141019999999999	3.91596	0.4374700000000001	0	1.18917	0.5282100000000001	0.44582999999999995	X12bP87D14F	SRR11969352
X12bP87D21C	87	M	6.65	12.35	NA	43.88072767279656	X12b	D21	C	31180	Control	X12b_D21_C_Control	4.06445798922692	5.699999999999999	18	87_D21_C	73.33353	46.73304	0.5487	15.7971	0.64026	2.6298000000000004	0.53427	0.52488	0.15173999999999999	0.64269	1.10211	X12bP87D21C	SRR11969820
X12bP87D21F	87	M	6.65	12.35	NA	43.88072767279656	X12b	D21	F	30729	Control	X12b_D21_F_Control	1.69897000433602	5.699999999999999	18	87_D21_F	85.13622000000001	28.028309999999998	4.38504	26.28405	5.64408	5.6762999999999995	2.1828399999999997	0	1.54647	0.6897	14.465340000000001	X12bP87D21F	SRR11969697
X12bP87D21X	87	M	6.65	12.35	NA	43.88072767279656	X12b	D21	X	28044	Control	X12b_D21_X_Control	3.38381536598043	5.699999999999999	18	87_D21_X	73.33353	46.73304	0.5487	15.7971	0.64026	2.6298000000000004	0.53427	0.52488	0.15173999999999999	0.64269	1.10211	X12bP87D21X	SRR11969962
X12bP87D2F	87	M	6.65	12.35	NA	43.88072767279656	X12b	D2	F	24885	Control	X12b_D2_F_Control	2.47712125471966	5.699999999999999	18	87_D2_F	50.98575	23.351190000000003	4.40493	14.02239	6.13317	6.1184400000000005	0.54619	0	1.57311	0.97527	1.85493	X12bP87D2F	SRR11969287
X12bP87D7F	87	M	6.65	12.35	NA	43.88072767279656	X12b	D7	F	29261	Control	X12b_D7_F_Control	2.54406804435028	5.699999999999999	18	87_D7_F	62.363189999999996	36.78651	3.63234	17.81436	5.63184	7.63368	1.77589	0	1.47906	1.21398	2.9853	X12bP87D7F	SRR11969604
X12bP93D0F	93	M	5.6	13.95	NA	43.80102999566398	X12b	D0	F	24906	RPS	X12b_D0_F_RPS	0	8.35	19	93_D0_F	81.59778000000001	41.492940000000004	3.7191	27.82935	4.40745	8.90157	1.04818	0	1.00851	1.6047599999999997	1.49484	X12bP93D0F	SRR11969736
X12bP93D14F	93	M	5.6	13.95	NA	43.80102999566398	X12b	D14	F	25652	RPS	X12b_D14_F_RPS	2.30102999566398	8.35	19	93_D14_F	81.47382	38.85414	1.1366399999999999	8.68692	1.16661	6.44643	0.7941099999999999	0	0.39924000000000004	1.3959	0.44514000000000004	X12bP93D14F	SRR11969332
X12bP93D21C	93	M	5.6	13.95	NA	43.80102999566398	X12b	D21	C	28954	RPS	X12b_D21_C_RPS	2.30102999566398	8.35	19	93_D21_C	82.79301000000001	41.818169999999995	0.39537	39.0219	0.402	13.719420000000001	1.48362	0.20391	0.15272999999999998	0.71592	0	X12bP93D21C	SRR11969800
X12bP93D21F	93	M	5.6	13.95	NA	43.80102999566398	X12b	D21	F	33745	RPS	X12b_D21_F_RPS	1.69897000433602	8.35	19	93_D21_F	73.85706	32.04297	1.68963	16.48443	1.6002899999999998	6.40182	1.72315	0	0.54252	3.7456199999999997	34.58799	X12bP93D21F	SRR11969679
X12bP93D21X	93	M	5.6	13.95	NA	43.80102999566398	X12b	D21	X	37323	RPS	X12b_D21_X_RPS	1.30102999566398	8.35	19	93_D21_X	82.79301000000001	41.818169999999995	0.39537	39.0219	0.402	13.719420000000001	1.48362	0.20391	0.15272999999999998	0.71592	0	X12bP93D21X	SRR11969942
X12bP93D2F	93	M	5.6	13.95	NA	43.80102999566398	X12b	D2	F	25734	RPS	X12b_D2_F_RPS	3.30102999566398	8.35	19	93_D2_F	71.715	35.33688	2.74314	19.29261	3.90804	8.77023	1.17211	0	1.0716	2.1756599999999997	0.5916600000000001	X12bP93D2F	SRR11969268
X12bP93D7F	93	M	5.6	13.95	NA	43.80102999566398	X12b	D7	F	18918	RPS	X12b_D7_F_RPS	1.69897000433602	8.35	19	93_D7_F	77.2227	40.374930000000006	1.6643400000000002	6.24105	1.63782	6.00126	0.61063	0	0.5804400000000001	1.70835	2.9133299999999998	X12bP93D7F	SRR11969552
X12bP97D0F	97	NA	4.25	11.65	NA	0	X12b	D0	F	22552	RPS	X12b_D0_F_RPS	0	7.4	20	97_D0_F	94.19007	44.5833	6.258419999999999	26.278800000000004	9.78378	14.698229999999999	4.3381300000000005	0	2.22684	1.1144100000000001	0	X12bP97D0F	SRR11969735
X12bP97D14F	97	NA	4.25	11.65	NA	0	X12b	D14	F	29543	RPS	X12b_D14_F_RPS	0	7.4	20	97_D14_F	75.24735000000001	56.197500000000005	3.04635	12.99831	4.36434	14.789939999999998	2.6353	0	0.96	1.5002399999999998	0	X12bP97D14F	SRR11969331
X12bP97D21C	97	NA	4.25	11.65	NA	0	X12b	D21	C	29201	RPS	X12b_D21_C_RPS	1.30102999566398	7.4	20	97_D21_C	88.69179	63.298950000000005	0.73044	35.476020000000005	0.7251	22.79493	2.31318	0.39747	0.21444000000000002	0.80487	0.9199200000000001	X12bP97D21C	SRR11969799
X12bP97D21F	97	NA	4.25	11.65	NA	0	X12b	D21	F	27987	RPS	X12b_D21_F_RPS	0	7.4	20	97_D21_F	90.6717	65.77956	4.45242	18.31326	6.83259	19.799310000000002	4.72852	0.29304	1.6192499999999999	3.4376700000000002	2.6388599999999998	X12bP97D21F	SRR11969677
X12bP97D21X	97	NA	4.25	11.65	NA	0	X12b	D21	X	28890	RPS	X12b_D21_X_RPS	1.30102999566398	7.4	20	97_D21_X	88.69179	63.298950000000005	0.73044	35.476020000000005	0.7251	22.79493	2.31318	0.39747	0.21444000000000002	0.80487	0.9199200000000001	X12bP97D21X	SRR11969941
X12bP97D2F	97	NA	4.25	11.65	NA	0	X12b	D2	F	41627	RPS	X12b_D2_F_RPS	0	7.4	20	97_D2_F	81.22458	50.33241	2.7678	15.3822	3.2211299999999996	14.73789	1.7210200000000002	0	0.9006299999999999	1.16112	2.42016	X12bP97D2F	SRR11969267
X12bP97D7F	97	NA	4.25	11.65	NA	0	X12b	D7	F	25431	RPS	X12b_D7_F_RPS	0	7.4	20	97_D7_F	95.03118	52.904039999999995	2.95566	14.15841	3.5561100000000003	12.927959999999999	2.1742	0	1.06995	2.60535	5.9747699999999995	X12bP97D7F	SRR11969551
X12P119XD50	119	M	7.15	15.6	NA	33.9794000867204	X12b	D21	X	19009	RCS	X12b_D21_X_RCS	1.30102999566398	8.45	24	119_D21_X	88.49748	35.78328	0.70119	13.9092	0.56184	3.5133900000000002	1.6031399999999998	0.42152999999999996	0.16877999999999999	0.44754000000000005	1.7759399999999999	X12P119XD50	SRR11969961
X12P122iD50	122	M	7.3	17.3	NA	59.04973393943041	X12b	D21	I	11316	Control	X12b_D21_I_Control	1.30102999566398	10	25	122_D21_I	NA	NA	NA	NA	NA	NA	NA	NA	NA	NA	NA	X12P122iD50	SRR11969517
X12P126iD50	126	NA	5.25	12.05	NA	48.356596169294846	X12b	D21	I	17876	Acid	X12b_D21_I_Acid	0	6.800000000000001	26	126_D21_I	NA	NA	NA	NA	NA	NA	NA	NA	NA	NA	NA	X12P126iD50	SRR11969538
X12P126XD50	126	NA	5.25	12.05	NA	48.356596169294846	X12b	D21	X	34631	Acid	X12b_D21_X_Acid	0	6.800000000000001	26	126_D21_X	74.09421	47.69337	0.37248000000000003	16.17996	0.48785999999999996	3.3088500000000005	0.45942	0.63531	0.15239999999999998	0.65052	1.5440999999999998	X12P126XD50	SRR11970025
X12P138iD50	138	M	6.75	12.2	NA	33.9794000867204	X12b	D21	I	8559	RCS	X12b_D21_I_RCS	0	5.449999999999999	28	138_D21_I	NA	NA	NA	NA	NA	NA	NA	NA	NA	NA	NA	X12P138iD50	SRR11969508
X12P138XD50	138	M	6.75	12.2	NA	33.9794000867204	X12b	D21	X	20337	RCS	X12b_D21_X_RCS	0	5.449999999999999	28	138_D21_X	102.29226	50.92503000000001	0.44516999999999995	21.008850000000002	0.39885000000000004	3.48627	0.49614	0.33564	0	0.60999	1.05516	X12P138XD50	SRR11969960
X12P152iD50	152	F	6.35	14.8	NA	48.55017845530783	X12b	D21	I	10538	Acid	X12b_D21_I_Acid	0	8.450000000000001	31	152_D21_I	NA	NA	NA	NA	NA	NA	NA	NA	NA	NA	NA	X12P152iD50	SRR11969537
X12P152XD50	152	F	6.35	14.8	NA	48.55017845530783	X12b	D21	X	32839	Acid	X12b_D21_X_Acid	0	8.450000000000001	31	152_D21_X	77.26665	46.28772	0.64485	15.63084	0.85293	2.2397099999999996	0.40296	0	0.2718	0.32177999999999995	0.64983	X12P152XD50	SRR11970024
X12P160iD50	160	F	5.15	13.85	NA	44.969631425385394	X12b	D21	I	7424	Control	X12b_D21_I_Control	1.30102999566398	8.7	32	160_D21_I	NA	NA	NA	NA	NA	NA	NA	NA	NA	NA	NA	X12P160iD50	SRR11969516
X12P175XD50	175	F	7.45	15.05	NA	39.58661005636826	X12b	D21	X	40663	RCS	X12b_D21_X_RCS	0	7.6000000000000005	35	175_D21_X	69.66522	39.290760000000006	0.54084	18.029400000000003	0.8203799999999999	4.3110599999999994	0.59463	0.26826	0.26549999999999996	1.1034899999999999	1.00935	X12P175XD50	SRR11969959
X12P178iD50	178	F	7.15	17	NA	35.785580060704284	X12b	D21	I	11994	Acid	X12b_D21_I_Acid	0	9.85	36	178_D21_I	NA	NA	NA	NA	NA	NA	NA	NA	NA	NA	NA	X12P178iD50	SRR11969535
X12P178XD50	178	F	7.15	17	NA	35.785580060704284	X12b	D21	X	29260	Acid	X12b_D21_X_Acid	0	9.85	36	178_D21_X	74.52941999999999	41.17326	0.7637100000000001	20.63277	0.7283999999999999	4.74123	0.7584000000000001	0.30639	0.18858	0.8269500000000001	1.2937500000000002	X12P178XD50	SRR11970023
X12P181iD50	181	M	7.2	17.5	NA	23.785580060704284	X12b	D21	I	7814	RPS	X12b_D21_I_RPS	2.25527250510331	10.3	37	181_D21_I	NA	NA	NA	NA	NA	NA	NA	NA	NA	NA	NA	X12P181iD50	SRR11969499
X12P191iD50	191	M	8.6	14.75	NA	38.743423200754194	X12b	D21	I	12482	Control	X12b_D21_I_Control	0	6.15	39	191_D21_I	NA	NA	NA	NA	NA	NA	NA	NA	NA	NA	NA	X12P191iD50	SRR11969515
X12P198iD50	198	M	6.5	12.15	NA	53.76049390661423	X12b	D21	I	11841	RCS	X12b_D21_I_RCS	0	5.65	40	198_D21_I	NA	NA	NA	NA	NA	NA	NA	NA	NA	NA	NA	X12P198iD50	SRR11969507
X12P198XD50	198	M	6.5	12.15	NA	53.76049390661423	X12b	D21	X	25334	RCS	X12b_D21_X_RCS	0	5.65	40	198_D21_X	72.11988	36.81267	0.6715800000000001	14.459220000000002	0.8115299999999999	2.87376	0.45003000000000004	0.2784	0.15645	0.7902899999999999	1.16934	X12P198XD50	SRR11969958
X12P211iD50	211	M	6.15	13.9	NA	30.892790030352142	X12b	D21	I	3929	Acid	X12b_D21_I_Acid	0	7.75	43	211_D21_I	NA	NA	NA	NA	NA	NA	NA	NA	NA	NA	NA	X12P211iD50	SRR11969534
X12P211XD50	211	M	6.15	13.9	NA	30.892790030352142	X12b	D21	X	16949	Acid	X12b_D21_X_Acid	0	7.75	43	211_D21_X	79.73277	44.80386	0.49881	19.855620000000002	0.53034	2.47827	0.46095	0.29367	0	0.72738	0.35126999999999997	X12P211XD50	SRR11970021
X12P224iD50	224	F	4.9	12	NA	56.12655793074365	X12b	D21	I	13525	Control	X12b_D21_I_Control	0	7.1	45	224_D21_I	NA	NA	NA	NA	NA	NA	NA	NA	NA	NA	NA	X12P224iD50	SRR11969513
X12P22iD50	22	M	6.45	12.3	NA	43.086610056368265	X12b	D21	I	9869	RCS	X12b_D21_I_RCS	0	5.8500000000000005	5	22_D21_I	NA	NA	NA	NA	NA	NA	NA	NA	NA	NA	NA	X12P22iD50	SRR11969506
X12P22XD50	22	M	6.45	12.3	NA	43.086610056368265	X12b	D21	X	10857	RCS	X12b_D21_X_RCS	0	5.8500000000000005	5	22_D21_X	76.26456	35.884769999999996	0.24042000000000002	31.682850000000002	0	9.448139999999999	0.76296	0.23922000000000002	0.25524	0.90819	12.164670000000001	X12P22XD50	SRR11969956
X12P244iD50	244	F	6.75	15.9	NA	49.521825181113606	X12b	D21	I	12275	RPS	X12b_D21_I_RPS	0	9.15	49	244_D21_I	NA	NA	NA	NA	NA	NA	NA	NA	NA	NA	NA	X12P244iD50	SRR11969498
X12P26iD50	26	M	5.4	11.05	NA	35.03300507154433	X12b	D21	I	7612	Acid	X12b_D21_I_Acid	0	5.65	6	26_D21_I	NA	NA	NA	NA	NA	NA	NA	NA	NA	NA	NA	X12P26iD50	SRR11969533
X12P26XD50	26	M	5.4	11.05	NA	35.03300507154433	X12b	D21	X	26672	Acid	X12b_D21_X_Acid	0	5.65	6	26_D21_X	91.33215	48.36816	0.6229199999999999	20.72565	0.5410200000000001	3.0130500000000002	0.43809	0.22098	0.2676	0.8005200000000001	0.9888899999999999	X12P26XD50	SRR11970020
X12P337iD50	337	NA	6.45	14.75	NA	66.20657193070778	X12b	D21	I	11849	Control	X12b_D21_I_Control	0	8.3	68	337_D21_I	NA	NA	NA	NA	NA	NA	NA	NA	NA	NA	NA	X12P337iD50	SRR11969512
X12P348iD50	348	NA	5.95	14.7	NA	58.53921003821371	X12b	D21	I	4308	Acid	X12b_D21_I_Acid	0	8.75	70	348_D21_I	NA	NA	NA	NA	NA	NA	NA	NA	NA	NA	NA	X12P348iD50	SRR11969532
X12P348XD50	348	NA	5.95	14.7	NA	58.53921003821371	X12b	D21	X	11333	Acid	X12b_D21_X_Acid	1.30102999566398	8.75	70	348_D21_X	69.38283	36.2766	0.30962999999999996	9.461939999999998	0.36117	1.26024	0.45465	0.38535	0.15039	0.70668	1.39881	X12P348XD50	SRR11969987
X12P355iD50	355	NA	6.05	14.35	NA	37.4794000867204	X12b	D21	I	2466	RPS	X12b_D21_I_RPS	0	8.3	71	355_D21_I	NA	NA	NA	NA	NA	NA	NA	NA	NA	NA	NA	X12P355iD50	SRR11969497
X12P361iD50	361	M	5.65	9.55	NA	40.07710511625494	X12b	D21	I	9823	Acid	X12b_D21_I_Acid	0	3.9000000000000004	73	361_D21_I	NA	NA	NA	NA	NA	NA	NA	NA	NA	NA	NA	X12P361iD50	SRR11969531
X12P361XD50	361	M	5.65	9.55	NA	40.07710511625494	X12b	D21	X	21327	Acid	X12b_D21_X_Acid	0	3.9000000000000004	73	361_D21_X	67.17887999999999	41.060249999999996	0.65823	19.79112	0.67644	4.51206	0.48363	0	0.17457	0.36941999999999997	0.50142	X12P361XD50	SRR11969986
X12P373iD50	373	NA	5.05	16.2	NA	29.086610056368258	X12b	D21	I	14156	RPS	X12b_D21_I_RPS	0	11.149999999999999	75	373_D21_I	NA	NA	NA	NA	NA	NA	NA	NA	NA	NA	NA	X12P373iD50	SRR11969496
X12P378iD50	378	F	5.6	16.2	NA	33.9794000867204	X12b	D21	I	2796	Acid	X12b_D21_I_Acid	0	10.6	76	378_D21_I	NA	NA	NA	NA	NA	NA	NA	NA	NA	NA	NA	X12P378iD50	SRR11969530
X12P378XD50	378	F	5.6	16.2	NA	33.9794000867204	X12b	D21	X	29285	Acid	X12b_D21_X_Acid	0	10.6	76	378_D21_X	74.35233	49.6227	0.30657	23.13504	0.30219	7.72587	1.0722900000000002	0.24992999999999999	0.14853	0.8328300000000001	0	X12P378XD50	SRR11969985
X12P392iD50	392	F	6.05	13	NA	19.640215041192192	X12b	D21	I	13223	RPS	X12b_D21_I_RPS	0	6.95	79	392_D21_I	NA	NA	NA	NA	NA	NA	NA	NA	NA	NA	NA	X12P392iD50	SRR11969495
X12P397iD50	397	F	8.15	17.6	NA	43.72775619766973	X12b	D21	I	5749	RCS	X12b_D21_I_RCS	0	9.450000000000001	80	397_D21_I	NA	NA	NA	NA	NA	NA	NA	NA	NA	NA	NA	X12P397iD50	SRR11969505
X12P397XD50	397	F	8.15	17.6	NA	43.72775619766973	X12b	D21	X	29771	RCS	X12b_D21_X_RCS	0	9.450000000000001	80	397_D21_X	84.28191	44.27541	0.38973	17.32215	0.42393	3.7944899999999997	0.6256200000000001	0.58446	0.19005	0.53625	1.07268	X12P397XD50	SRR11969955
X12P419iD50	419	NA	6.1	14.15	NA	51.98984008782492	X12b	D21	I	7943	Control	X12b_D21_I_Control	0	8.05	84	419_D21_I	NA	NA	NA	NA	NA	NA	NA	NA	NA	NA	NA	X12P419iD50	SRR11969511
X12P426iD50	426	M	8.05	17.1	NA	33.45154499349597	X12b	D21	I	13672	Acid	X12b_D21_I_Acid	0	9.05	86	426_D21_I	NA	NA	NA	NA	NA	NA	NA	NA	NA	NA	NA	X12P426iD50	SRR11969529
X12P426XD50	426	M	8.05	17.1	NA	33.45154499349597	X12b	D21	X	29821	Acid	X12b_D21_X_Acid	1.30102999566398	9.05	86	426_D21_X	86.35719	39.27294	0.34917	21.53151	0.30378	3.50061	0.6849000000000001	0.7188	0.13485	0.6372599999999999	1.27941	X12P426XD50	SRR11969984
X12P43iD50	43	F	6.9	13.45	NA	32.565656991381104	X12b	D21	I	7165	RCS	X12b_D21_I_RCS	0	6.549999999999999	9	43_D21_I	NA	NA	NA	NA	NA	NA	NA	NA	NA	NA	NA	X12P43iD50	SRR11969504
X12P43XD50	43	F	6.9	13.45	NA	32.565656991381104	X12b	D21	X	11464	RCS	X12b_D21_X_RCS	1.30102999566398	6.549999999999999	9	43_D21_X	85.84647000000001	40.82817	0.46797	24.39369	0.46554000000000006	5.11386	0.8884799999999999	0.26706	0.14478	0.777	0.7621800000000001	X12P43XD50	SRR11969954
X12P453iD50	453	M	5.95	17.3	NA	39.285580060704284	X12b	D21	I	3645	RCS	X12b_D21_I_RCS	0	11.350000000000001	91	453_D21_I	NA	NA	NA	NA	NA	NA	NA	NA	NA	NA	NA	X12P453iD50	SRR11969502
X12P453XD50	453	M	5.95	17.3	NA	39.285580060704284	X12b	D21	X	34714	RCS	X12b_D21_X_RCS	0	11.350000000000001	91	453_D21_X	NA	NA	NA	NA	NA	NA	NA	NA	NA	NA	NA	X12P453XD50	SRR11969953
X12P458iD50	458	F	6.8	12.65	NA	41.46695257709693	X12b	D21	I	24193	Control	X12b_D21_I_Control	1.30102999566398	5.8500000000000005	92	458_D21_I	NA	NA	NA	NA	NA	NA	NA	NA	NA	NA	NA	X12P458iD50	SRR11969510
X12P469iD50	469	F	7	13.7	NA	37.99084821159424	X12b	D21	I	14035	RCS	X12b_D21_I_RCS	0	6.699999999999999	94	469_D21_I	NA	NA	NA	NA	NA	NA	NA	NA	NA	NA	NA	X12P469iD50	SRR11969501
X12P469XD50	469	F	7	13.7	NA	37.99084821159424	X12b	D21	X	21372	RCS	X12b_D21_X_RCS	1.60205999132796	6.699999999999999	94	469_D21_X	NA	NA	NA	NA	NA	NA	NA	NA	NA	NA	NA	X12P469XD50	SRR11969952
X12P50iD50	50	NA	7.85	14.75	NA	39.67801693934886	X12b	D21	I	12517	RPS	X12b_D21_I_RPS	0	6.9	10	50_D21_I	NA	NA	NA	NA	NA	NA	NA	NA	NA	NA	NA	X12P50iD50	SRR11969494
X12P52iD50	52	F	7.1	17.5	NA	33.9794000867204	X12b	D21	I	5155	Acid	X12b_D21_I_Acid	2.20411998265593	10.4	11	52_D21_I	NA	NA	NA	NA	NA	NA	NA	NA	NA	NA	NA	X12P52iD50	SRR11969528
X12P52XD50	52	F	7.1	17.5	NA	33.9794000867204	X12b	D21	X	23465	Acid	X12b_D21_X_Acid	0	10.4	11	52_D21_X	76.16973	41.083980000000004	0.41148	15.002580000000002	0.39381	2.77431	0.55824	0.66351	0.16353	0.43065000000000003	1.6598100000000002	X12P52XD50	SRR11969983
X12P65iD50	65	F	6.35	15.2	NA	40.758460128180246	X12b	D21	I	3232	RCS	X12b_D21_I_RCS	0	8.85	13	65_D21_I	NA	NA	NA	NA	NA	NA	NA	NA	NA	NA	NA	X12P65iD50	SRR11969500
X12P65XD50	65	F	6.35	15.2	NA	40.758460128180246	X12b	D21	X	20478	RCS	X12b_D21_X_RCS	0	8.85	13	65_D21_X	96.47352000000001	45.16419	0.36537	20.75727	0.33282	3.77064	0.46563	0.28641	0.13818	0.5236799999999999	0.70029	X12P65XD50	SRR11969951
X12P87iD50	87	M	6.65	12.35	NA	43.88072767279656	X12b	D21	I	2920	Control	X12b_D21_I_Control	0	5.699999999999999	18	87_D21_I	NA	NA	NA	NA	NA	NA	NA	NA	NA	NA	NA	X12P87iD50	SRR11969509
X12P93iD50	93	M	5.6	13.95	NA	43.80102999566398	X12b	D21	I	5205	RPS	X12b_D21_I_RPS	0	8.35	19	93_D21_I	NA	NA	NA	NA	NA	NA	NA	NA	NA	NA	NA	X12P93iD50	SRR11969493
X12P97iD50	97	NA	4.25	11.65	NA	0	X12b	D21	I	11047	RPS	X12b_D21_I_RPS	0	7.4	20	97_D21_I	NA	NA	NA	NA	NA	NA	NA	NA	NA	NA	NA	X12P97iD50	SRR11969491
